Workbook

Sheet TPT issue report
A1: Period: From Monday, 27-Oct-2025 06:00 AM To Monday, 03-Nov-2025 06:00 AM
A3: Region | B3: RT | C3: DT | D3: DM | E3: Site Name | F3: Sitecode | G3: Profile | H3: Game | I3: Credits | J3: Time play count | K3: Staff credit | L3: Card game count | M3: Total Plays | N3: Tickets | O3: TPT
A4: =IFERROR(VLOOKUP($F4,'Location List'!$A$2:$T$644,20,FALSE),"") -> Bill Eich | B4: =IFERROR(VLOOKUP($F4,'Location List'!$A$2:$T$644,19,FALSE),"") -> David Garcia | C4: =IFERROR(VLOOKUP($F4,'Location List'!$A$2:$T$644,18,FALSE),"") -> David Garibay Jr | D4: =IFERROR(VLOOKUP($F4,'Location List'!$A$2:$T$644,9,FALSE),"") -> ANTHONY CHAPA | E4: =IFERROR(VLOOKUP($F4,'Location List'!$A$2:$T$644,2,FALSE),"") -> TYLER | F4: 31 | G4: High Redemption | H4: BIG BASS LIL PRO | I4: 331 | J4: 723 | K4: 0 | L4: 17 | M4: 1054 | N4: 14552 | O4: 13.806 | BU4: =COUNTIFS($O$4:$O$6000,"<3") -> 2663 | BV4: low
A5: =IFERROR(VLOOKUP($F5,'Location List'!$A$2:$T$644,20,FALSE),"") -> Bill Eich | B5: =IFERROR(VLOOKUP($F5,'Location List'!$A$2:$T$644,19,FALSE),"") -> David Garcia | C5: =IFERROR(VLOOKUP($F5,'Location List'!$A$2:$T$644,18,FALSE),"") -> David Garibay Jr | D5: =IFERROR(VLOOKUP($F5,'Location List'!$A$2:$T$644,9,FALSE),"") -> ANTHONY CHAPA | E5: =IFERROR(VLOOKUP($F5,'Location List'!$A$2:$T$644,2,FALSE),"") -> TYLER | F5: 31 | G5: High Redemption | H5: FGTEEV OUT OF TIME | I5: 286 | J5: 373 | K5: 0 | L5: 16 | M5: 659 | N5: 4359 | O5: 6.615 | BU5: =COUNTIFS($O$4:$O$6000,">3") -> 1507 | BV5: high
A6: =IFERROR(VLOOKUP($F6,'Location List'!$A$2:$T$644,20,FALSE),"") -> Bill Eich | B6: =IFERROR(VLOOKUP($F6,'Location List'!$A$2:$T$644,19,FALSE),"") -> David Garcia | C6: =IFERROR(VLOOKUP($F6,'Location List'!$A$2:$T$644,18,FALSE),"") -> David Garibay Jr | D6: =IFERROR(VLOOKUP($F6,'Location List'!$A$2:$T$644,9,FALSE),"") -> ANTHONY CHAPA | E6: =IFERROR(VLOOKUP($F6,'Location List'!$A$2:$T$644,2,FALSE),"") -> TYLER | F6: 31 | G6: High Redemption | H6: SPONGEBOB JELLYFISH P1 | I6: 74 | J6: 72 | K6: 0 | L6: 19 | M6: 146 | N6: 2861 | O6: 19.596 | BU6: =SUM(BU4,BU5) -> 4170 | BV6: total
A7: =IFERROR(VLOOKUP($F7,'Location List'!$A$2:$T$644,20,FALSE),"") -> Bill Eich | B7: =IFERROR(VLOOKUP($F7,'Location List'!$A$2:$T$644,19,FALSE),"") -> David Garcia | C7: =IFERROR(VLOOKUP($F7,'Location List'!$A$2:$T$644,18,FALSE),"") -> David Garibay Jr | D7: =IFERROR(VLOOKUP($F7,'Location List'!$A$2:$T$644,9,FALSE),"") -> ANTHONY CHAPA | E7: =IFERROR(VLOOKUP($F7,'Location List'!$A$2:$T$644,2,FALSE),"") -> TYLER | F7: 31 | G7: Kiddie Skill | H7: DUO DRIVE P1 | I7: 138 | J7: 184 | K7: 0 | L7: 14 | M7: 322 | N7: 479 | O7: 1.488
A8: =IFERROR(VLOOKUP($F8,'Location List'!$A$2:$T$644,20,FALSE),"") -> Bill Eich | B8: =IFERROR(VLOOKUP($F8,'Location List'!$A$2:$T$644,19,FALSE),"") -> David Garcia | C8: =IFERROR(VLOOKUP($F8,'Location List'!$A$2:$T$644,18,FALSE),"") -> David Garibay Jr | D8: =IFERROR(VLOOKUP($F8,'Location List'!$A$2:$T$644,9,FALSE),"") -> ANTHONY CHAPA | E8: =IFERROR(VLOOKUP($F8,'Location List'!$A$2:$T$644,2,FALSE),"") -> TYLER | F8: 31 | G8: Skill | H8: PLANTS VS ZOMBIES | I8: 18 | J8: 16 | K8: 0 | L8: 21 | M8: 34 | N8: 237 | O8: 6.971
A9: =IFERROR(VLOOKUP($F9,'Location List'!$A$2:$T$644,20,FALSE),"") -> Bill Eich | B9: =IFERROR(VLOOKUP($F9,'Location List'!$A$2:$T$644,19,FALSE),"") -> David Garcia | C9: =IFERROR(VLOOKUP($F9,'Location List'!$A$2:$T$644,18,FALSE),"") -> David Garibay Jr | D9: =IFERROR(VLOOKUP($F9,'Location List'!$A$2:$T$644,9,FALSE),"") -> ANTHONY CHAPA | E9: =IFERROR(VLOOKUP($F9,'Location List'!$A$2:$T$644,2,FALSE),"") -> TYLER | F9: 31 | G9: Skill | H9: RAMPAGE P3 | I9: 58 | J9: 70 | K9: 0 | L9: 14 | M9: 128 | N9: 226 | O9: 1.766
A10: =IFERROR(VLOOKUP($F10,'Location List'!$A$2:$T$644,20,FALSE),"") -> Bill Eich | B10: =IFERROR(VLOOKUP($F10,'Location List'!$A$2:$T$644,19,FALSE),"") -> David Garcia | C10: =IFERROR(VLOOKUP($F10,'Location List'!$A$2:$T$644,18,FALSE),"") -> David Garibay Jr | D10: =IFERROR(VLOOKUP($F10,'Location List'!$A$2:$T$644,9,FALSE),"") -> ANTHONY CHAPA | E10: =IFERROR(VLOOKUP($F10,'Location List'!$A$2:$T$644,2,FALSE),"") -> TYLER | F10: 31 | G10: Skill | H10: ROBIN HOOD | I10: 82 | J10: 156 | K10: 0 | L10: 18 | M10: 238 | N10: 456 | O10: 1.916
A11: =IFERROR(VLOOKUP($F11,'Location List'!$A$2:$T$644,20,FALSE),"") -> Bill Eich | B11: =IFERROR(VLOOKUP($F11,'Location List'!$A$2:$T$644,19,FALSE),"") -> David Garcia | C11: =IFERROR(VLOOKUP($F11,'Location List'!$A$2:$T$644,18,FALSE),"") -> Hoang Dao | D11: =IFERROR(VLOOKUP($F11,'Location List'!$A$2:$T$644,9,FALSE),"") -> FRANK RAMIREZ | E11: =IFERROR(VLOOKUP($F11,'Location List'!$A$2:$T$644,2,FALSE),"") -> FM 1960 | F11: 32 | G11: Kiddie Skill | H11: CHAMELEON PARADIZE SINGLE | I11: 124 | J11: 72 | K11: 0 | L11: 19 | M11: 196 | N11: 3733 | O11: 19.046
A12: =IFERROR(VLOOKUP($F12,'Location List'!$A$2:$T$644,20,FALSE),"") -> Bill Eich | B12: =IFERROR(VLOOKUP($F12,'Location List'!$A$2:$T$644,19,FALSE),"") -> David Garcia | C12: =IFERROR(VLOOKUP($F12,'Location List'!$A$2:$T$644,18,FALSE),"") -> Hoang Dao | D12: =IFERROR(VLOOKUP($F12,'Location List'!$A$2:$T$644,9,FALSE),"") -> FRANK RAMIREZ | E12: =IFERROR(VLOOKUP($F12,'Location List'!$A$2:$T$644,2,FALSE),"") -> FM 1960 | F12: 32 | G12: Skill | H12: ALLEY CLASSIC P2 | I12: 239 | J12: 230 | K12: 0 | L12: 14 | M12: 469 | N12: 3090 | O12: 6.588
A13: =IFERROR(VLOOKUP($F13,'Location List'!$A$2:$T$644,20,FALSE),"") -> Bill Eich | B13: =IFERROR(VLOOKUP($F13,'Location List'!$A$2:$T$644,19,FALSE),"") -> David Garcia | C13: =IFERROR(VLOOKUP($F13,'Location List'!$A$2:$T$644,18,FALSE),"") -> Hoang Dao | D13: =IFERROR(VLOOKUP($F13,'Location List'!$A$2:$T$644,9,FALSE),"") -> FRANK RAMIREZ | E13: =IFERROR(VLOOKUP($F13,'Location List'!$A$2:$T$644,2,FALSE),"") -> FM 1960 | F13: 32 | G13: Skill | H13: BASEBALL PRO | I13: 186 | J13: 165 | K13: 0 | L13: 14 | M13: 351 | N13: 555 | O13: 1.581
A14: =IFERROR(VLOOKUP($F14,'Location List'!$A$2:$T$644,20,FALSE),"") -> Bill Eich | B14: =IFERROR(VLOOKUP($F14,'Location List'!$A$2:$T$644,19,FALSE),"") -> David Garcia | C14: =IFERROR(VLOOKUP($F14,'Location List'!$A$2:$T$644,18,FALSE),"") -> Hoang Dao | D14: =IFERROR(VLOOKUP($F14,'Location List'!$A$2:$T$644,9,FALSE),"") -> FRANK RAMIREZ | E14: =IFERROR(VLOOKUP($F14,'Location List'!$A$2:$T$644,2,FALSE),"") -> COPPERFIELD | F14: 33 | G14: Kiddie Skill | H14: BUNNY POND | I14: 189 | J14: 310 | K14: 0 | L14: 15 | M14: 499 | N14: 505 | O14: 1.012
A15: =IFERROR(VLOOKUP($F15,'Location List'!$A$2:$T$644,20,FALSE),"") -> Bill Eich | B15: =IFERROR(VLOOKUP($F15,'Location List'!$A$2:$T$644,19,FALSE),"") -> David Garcia | C15: =IFERROR(VLOOKUP($F15,'Location List'!$A$2:$T$644,18,FALSE),"") -> Hoang Dao | D15: =IFERROR(VLOOKUP($F15,'Location List'!$A$2:$T$644,9,FALSE),"") -> FRANK RAMIREZ | E15: =IFERROR(VLOOKUP($F15,'Location List'!$A$2:$T$644,2,FALSE),"") -> COPPERFIELD | F15: 33 | G15: Skill | H15: DICEY JUMP | I15: 167 | J15: 168 | K15: 0 | L15: 14 | M15: 335 | N15: 660 | O15: 1.97
A16: =IFERROR(VLOOKUP($F16,'Location List'!$A$2:$T$644,20,FALSE),"") -> Bill Eich | B16: =IFERROR(VLOOKUP($F16,'Location List'!$A$2:$T$644,19,FALSE),"") -> David Garcia | C16: =IFERROR(VLOOKUP($F16,'Location List'!$A$2:$T$644,18,FALSE),"") -> Hoang Dao | D16: =IFERROR(VLOOKUP($F16,'Location List'!$A$2:$T$644,9,FALSE),"") -> FRANK RAMIREZ | E16: =IFERROR(VLOOKUP($F16,'Location List'!$A$2:$T$644,2,FALSE),"") -> COPPERFIELD | F16: 33 | G16: Skill | H16: TROLLS P2 | I16: 356 | J16: 281 | K16: 0 | L16: 17 | M16: 637 | N16: 6158 | O16: 9.667
A17: =IFERROR(VLOOKUP($F17,'Location List'!$A$2:$T$644,20,FALSE),"") -> Bill Eich | B17: =IFERROR(VLOOKUP($F17,'Location List'!$A$2:$T$644,19,FALSE),"") -> David Garcia | C17: =IFERROR(VLOOKUP($F17,'Location List'!$A$2:$T$644,18,FALSE),"") -> Hoang Dao | D17: =IFERROR(VLOOKUP($F17,'Location List'!$A$2:$T$644,9,FALSE),"") -> FRANK RAMIREZ | E17: =IFERROR(VLOOKUP($F17,'Location List'!$A$2:$T$644,2,FALSE),"") -> COPPERFIELD | F17: 33 | G17: Skill | H17: TROLLS P4 | I17: 191 | J17: 261 | K17: 0 | L17: 16 | M17: 452 | N17: 518 | O17: 1.146
A18: =IFERROR(VLOOKUP($F18,'Location List'!$A$2:$T$644,20,FALSE),"") -> Bill Eich | B18: =IFERROR(VLOOKUP($F18,'Location List'!$A$2:$T$644,19,FALSE),"") -> David Garcia | C18: =IFERROR(VLOOKUP($F18,'Location List'!$A$2:$T$644,18,FALSE),"") -> Mike Kralick | D18: =IFERROR(VLOOKUP($F18,'Location List'!$A$2:$T$644,9,FALSE),"") -> KELLI KASPER | E18: =IFERROR(VLOOKUP($F18,'Location List'!$A$2:$T$644,2,FALSE),"") -> LEWISVILLE | F18: 35 | G18: Skill | H18: ALLEY CLASSIC P2 | I18: 195 | J18: 207 | K18: 0 | L18: 17 | M18: 402 | N18: 2937 | O18: 7.306
... A4173: =IFERROR(VLOOKUP($F4173,'Location List'!$A$2:$T$644,20,FALSE),"") -> Chris Kelly | B4173: =IFERROR(VLOOKUP($F4173,'Location List'!$A$2:$T$644,19,FALSE),"") -> Chris Parenti | C4173: =IFERROR(VLOOKUP($F4173,'Location List'!$A$2:$T$644,18,FALSE),"") -> Robert Lane | D4173: =IFERROR(VLOOKUP($F4173,'Location List'!$A$2:$T$644,9,FALSE),"") -> SUSAN JENSEN | E4173: =IFERROR(VLOOKUP($F4173,'Location List'!$A$2:$T$644,2,FALSE),"") -> ROANOKE | F4173: 972 | G4173: Skill | H4173: DEAL NO DEAL | I4173: 261 | J4173: 190 | K4173: 0 | L4173: 21 | M4173: 451 | N4173: 2948 | O4173: 6.537
A4174: =IFERROR(VLOOKUP($F4174,'Location List'!$A$2:$T$644,20,FALSE),"") | B4174: =IFERROR(VLOOKUP($F4174,'Location List'!$A$2:$T$644,19,FALSE),"") | C4174: =IFERROR(VLOOKUP($F4174,'Location List'!$A$2:$T$644,18,FALSE),"") | D4174: =IFERROR(VLOOKUP($F4174,'Location List'!$A$2:$T$644,9,FALSE),"") | E4174: =IFERROR(VLOOKUP($F4174,'Location List'!$A$2:$T$644,2,FALSE),"")
A4175: =IFERROR(VLOOKUP($F4175,'Location List'!$A$2:$T$644,20,FALSE),"") | B4175: =IFERROR(VLOOKUP($F4175,'Location List'!$A$2:$T$644,19,FALSE),"") | C4175: =IFERROR(VLOOKUP($F4175,'Location List'!$A$2:$T$644,18,FALSE),"") | D4175: =IFERROR(VLOOKUP($F4175,'Location List'!$A$2:$T$644,9,FALSE),"") | E4175: =IFERROR(VLOOKUP($F4175,'Location List'!$A$2:$T$644,2,FALSE),"")
A4176: =IFERROR(VLOOKUP($F4176,'Location List'!$A$2:$T$644,20,FALSE),"") | B4176: =IFERROR(VLOOKUP($F4176,'Location List'!$A$2:$T$644,19,FALSE),"") | C4176: =IFERROR(VLOOKUP($F4176,'Location List'!$A$2:$T$644,18,FALSE),"") | D4176: =IFERROR(VLOOKUP($F4176,'Location List'!$A$2:$T$644,9,FALSE),"") | E4176: =IFERROR(VLOOKUP($F4176,'Location List'!$A$2:$T$644,2,FALSE),"")
A4177: =IFERROR(VLOOKUP($F4177,'Location List'!$A$2:$T$644,20,FALSE),"") | B4177: =IFERROR(VLOOKUP($F4177,'Location List'!$A$2:$T$644,19,FALSE),"") | C4177: =IFERROR(VLOOKUP($F4177,'Location List'!$A$2:$T$644,18,FALSE),"") | D4177: =IFERROR(VLOOKUP($F4177,'Location List'!$A$2:$T$644,9,FALSE),"") | E4177: =IFERROR(VLOOKUP($F4177,'Location List'!$A$2:$T$644,2,FALSE),"")
A4178: =IFERROR(VLOOKUP($F4178,'Location List'!$A$2:$T$644,20,FALSE),"") | B4178: =IFERROR(VLOOKUP($F4178,'Location List'!$A$2:$T$644,19,FALSE),"") | C4178: =IFERROR(VLOOKUP($F4178,'Location List'!$A$2:$T$644,18,FALSE),"") | D4178: =IFERROR(VLOOKUP($F4178,'Location List'!$A$2:$T$644,9,FALSE),"") | E4178: =IFERROR(VLOOKUP($F4178,'Location List'!$A$2:$T$644,2,FALSE),"")
A4179: =IFERROR(VLOOKUP($F4179,'Location List'!$A$2:$T$644,20,FALSE),"") | B4179: =IFERROR(VLOOKUP($F4179,'Location List'!$A$2:$T$644,19,FALSE),"") | C4179: =IFERROR(VLOOKUP($F4179,'Location List'!$A$2:$T$644,18,FALSE),"") | D4179: =IFERROR(VLOOKUP($F4179,'Location List'!$A$2:$T$644,9,FALSE),"") | E4179: =IFERROR(VLOOKUP($F4179,'Location List'!$A$2:$T$644,2,FALSE),"")
A4180: =IFERROR(VLOOKUP($F4180,'Location List'!$A$2:$T$644,20,FALSE),"") | B4180: =IFERROR(VLOOKUP($F4180,'Location List'!$A$2:$T$644,19,FALSE),"") | C4180: =IFERROR(VLOOKUP($F4180,'Location List'!$A$2:$T$644,18,FALSE),"") | D4180: =IFERROR(VLOOKUP($F4180,'Location List'!$A$2:$T$644,9,FALSE),"") | E4180: =IFERROR(VLOOKUP($F4180,'Location List'!$A$2:$T$644,2,FALSE),"")
A4181: =IFERROR(VLOOKUP($F4181,'Location List'!$A$2:$T$644,20,FALSE),"") | B4181: =IFERROR(VLOOKUP($F4181,'Location List'!$A$2:$T$644,19,FALSE),"") | C4181: =IFERROR(VLOOKUP($F4181,'Location List'!$A$2:$T$644,18,FALSE),"") | D4181: =IFERROR(VLOOKUP($F4181,'Location List'!$A$2:$T$644,9,FALSE),"") | E4181: =IFERROR(VLOOKUP($F4181,'Location List'!$A$2:$T$644,2,FALSE),"")
A4182: =IFERROR(VLOOKUP($F4182,'Location List'!$A$2:$T$644,20,FALSE),"") | B4182: =IFERROR(VLOOKUP($F4182,'Location List'!$A$2:$T$644,19,FALSE),"") | C4182: =IFERROR(VLOOKUP($F4182,'Location List'!$A$2:$T$644,18,FALSE),"") | D4182: =IFERROR(VLOOKUP($F4182,'Location List'!$A$2:$T$644,9,FALSE),"") | E4182: =IFERROR(VLOOKUP($F4182,'Location List'!$A$2:$T$644,2,FALSE),"")
A4183: =IFERROR(VLOOKUP($F4183,'Location List'!$A$2:$T$644,20,FALSE),"") | B4183: =IFERROR(VLOOKUP($F4183,'Location List'!$A$2:$T$644,19,FALSE),"") | C4183: =IFERROR(VLOOKUP($F4183,'Location List'!$A$2:$T$644,18,FALSE),"") | D4183: =IFERROR(VLOOKUP($F4183,'Location List'!$A$2:$T$644,9,FALSE),"") | E4183: =IFERROR(VLOOKUP($F4183,'Location List'!$A$2:$T$644,2,FALSE),"")
A4184: =IFERROR(VLOOKUP($F4184,'Location List'!$A$2:$T$644,20,FALSE),"") | B4184: =IFERROR(VLOOKUP($F4184,'Location List'!$A$2:$T$644,19,FALSE),"") | C4184: =IFERROR(VLOOKUP($F4184,'Location List'!$A$2:$T$644,18,FALSE),"") | D4184: =IFERROR(VLOOKUP($F4184,'Location List'!$A$2:$T$644,9,FALSE),"") | E4184: =IFERROR(VLOOKUP($F4184,'Location List'!$A$2:$T$644,2,FALSE),"")
A4185: =IFERROR(VLOOKUP($F4185,'Location List'!$A$2:$T$644,20,FALSE),"") | B4185: =IFERROR(VLOOKUP($F4185,'Location List'!$A$2:$T$644,19,FALSE),"") | C4185: =IFERROR(VLOOKUP($F4185,'Location List'!$A$2:$T$644,18,FALSE),"") | D4185: =IFERROR(VLOOKUP($F4185,'Location List'!$A$2:$T$644,9,FALSE),"") | E4185: =IFERROR(VLOOKUP($F4185,'Location List'!$A$2:$T$644,2,FALSE),"")
... A6000: =IFERROR(VLOOKUP($F6000,'Location List'!$A$2:$T$644,20,FALSE),"") | B6000: =IFERROR(VLOOKUP($F6000,'Location List'!$A$2:$T$644,19,FALSE),"") | C6000: =IFERROR(VLOOKUP($F6000,'Location List'!$A$2:$T$644,18,FALSE),"") | D6000: =IFERROR(VLOOKUP($F6000,'Location List'!$A$2:$T$644,9,FALSE),"") | E6000: =IFERROR(VLOOKUP($F6000,'Location List'!$A$2:$T$644,2,FALSE),"")
A6991: =IFERROR(VLOOKUP($F6991,'Location List'!$A$2:$QR$463,20,FALSE),"") | B6991: =IFERROR(VLOOKUP($F6991,'Location List'!$A$2:$QR$463,19,FALSE),"") | C6991: =IFERROR(VLOOKUP($F6991,'Location List'!$A$2:$QR$463,18,FALSE),"") | D6991: =IFERROR(VLOOKUP($F6991,'Location List'!$A$2:$QR$463,9,FALSE),"") | E6991: =IFERROR(VLOOKUP($F6991,'Location List'!$A$2:$QR$463,2,FALSE),"")
A6992: =IFERROR(VLOOKUP($F6992,'Location List'!$A$2:$QR$463,20,FALSE),"") | B6992: =IFERROR(VLOOKUP($F6992,'Location List'!$A$2:$QR$463,19,FALSE),"") | C6992: =IFERROR(VLOOKUP($F6992,'Location List'!$A$2:$QR$463,18,FALSE),"") | D6992: =IFERROR(VLOOKUP($F6992,'Location List'!$A$2:$QR$463,9,FALSE),"") | E6992: =IFERROR(VLOOKUP($F6992,'Location List'!$A$2:$QR$463,2,FALSE),"")
A6993: =IFERROR(VLOOKUP($F6993,'Location List'!$A$2:$QR$463,20,FALSE),"") | B6993: =IFERROR(VLOOKUP($F6993,'Location List'!$A$2:$QR$463,19,FALSE),"") | C6993: =IFERROR(VLOOKUP($F6993,'Location List'!$A$2:$QR$463,18,FALSE),"") | D6993: =IFERROR(VLOOKUP($F6993,'Location List'!$A$2:$QR$463,9,FALSE),"") | E6993: =IFERROR(VLOOKUP($F6993,'Location List'!$A$2:$QR$463,2,FALSE),"")
A6994: =IFERROR(VLOOKUP($F6994,'Location List'!$A$2:$QR$463,20,FALSE),"") | B6994: =IFERROR(VLOOKUP($F6994,'Location List'!$A$2:$QR$463,19,FALSE),"") | C6994: =IFERROR(VLOOKUP($F6994,'Location List'!$A$2:$QR$463,18,FALSE),"") | D6994: =IFERROR(VLOOKUP($F6994,'Location List'!$A$2:$QR$463,9,FALSE),"") | E6994: =IFERROR(VLOOKUP($F6994,'Location List'!$A$2:$QR$463,2,FALSE),"")
A6995: =IFERROR(VLOOKUP($F6995,'Location List'!$A$2:$QR$463,20,FALSE),"") | B6995: =IFERROR(VLOOKUP($F6995,'Location List'!$A$2:$QR$463,19,FALSE),"") | C6995: =IFERROR(VLOOKUP($F6995,'Location List'!$A$2:$QR$463,18,FALSE),"") | D6995: =IFERROR(VLOOKUP($F6995,'Location List'!$A$2:$QR$463,9,FALSE),"") | E6995: =IFERROR(VLOOKUP($F6995,'Location List'!$A$2:$QR$463,2,FALSE),"")
A6996: =IFERROR(VLOOKUP($F6996,'Location List'!$A$2:$QR$463,20,FALSE),"") | B6996: =IFERROR(VLOOKUP($F6996,'Location List'!$A$2:$QR$463,19,FALSE),"") | C6996: =IFERROR(VLOOKUP($F6996,'Location List'!$A$2:$QR$463,18,FALSE),"") | D6996: =IFERROR(VLOOKUP($F6996,'Location List'!$A$2:$QR$463,9,FALSE),"") | E6996: =IFERROR(VLOOKUP($F6996,'Location List'!$A$2:$QR$463,2,FALSE),"")
A6997: =IFERROR(VLOOKUP($F6997,'Location List'!$A$2:$QR$463,20,FALSE),"") | B6997: =IFERROR(VLOOKUP($F6997,'Location List'!$A$2:$QR$463,19,FALSE),"") | C6997: =IFERROR(VLOOKUP($F6997,'Location List'!$A$2:$QR$463,18,FALSE),"") | D6997: =IFERROR(VLOOKUP($F6997,'Location List'!$A$2:$QR$463,9,FALSE),"") | E6997: =IFERROR(VLOOKUP($F6997,'Location List'!$A$2:$QR$463,2,FALSE),"")
A6998: =IFERROR(VLOOKUP($F6998,'Location List'!$A$2:$QR$463,20,FALSE),"") | B6998: =IFERROR(VLOOKUP($F6998,'Location List'!$A$2:$QR$463,19,FALSE),"") | C6998: =IFERROR(VLOOKUP($F6998,'Location List'!$A$2:$QR$463,18,FALSE),"") | D6998: =IFERROR(VLOOKUP($F6998,'Location List'!$A$2:$QR$463,9,FALSE),"") | E6998: =IFERROR(VLOOKUP($F6998,'Location List'!$A$2:$QR$463,2,FALSE),"")
A6999: =IFERROR(VLOOKUP($F6999,'Location List'!$A$2:$QR$463,20,FALSE),"") | B6999: =IFERROR(VLOOKUP($F6999,'Location List'!$A$2:$QR$463,19,FALSE),"") | C6999: =IFERROR(VLOOKUP($F6999,'Location List'!$A$2:$QR$463,18,FALSE),"") | D6999: =IFERROR(VLOOKUP($F6999,'Location List'!$A$2:$QR$463,9,FALSE),"") | E6999: =IFERROR(VLOOKUP($F6999,'Location List'!$A$2:$QR$463,2,FALSE),"")
A7000: =IFERROR(VLOOKUP($F7000,'Location List'!$A$2:$QR$463,20,FALSE),"") | B7000: =IFERROR(VLOOKUP($F7000,'Location List'!$A$2:$QR$463,19,FALSE),"") | C7000: =IFERROR(VLOOKUP($F7000,'Location List'!$A$2:$QR$463,18,FALSE),"") | D7000: =IFERROR(VLOOKUP($F7000,'Location List'!$A$2:$QR$463,9,FALSE),"") | E7000: =IFERROR(VLOOKUP($F7000,'Location List'!$A$2:$QR$463,2,FALSE),"")
A7001: =IFERROR(VLOOKUP($F7001,'Location List'!$A$2:$QR$463,20,FALSE),"") | B7001: =IFERROR(VLOOKUP($F7001,'Location List'!$A$2:$QR$463,19,FALSE),"") | C7001: =IFERROR(VLOOKUP($F7001,'Location List'!$A$2:$QR$463,18,FALSE),"") | D7001: =IFERROR(VLOOKUP($F7001,'Location List'!$A$2:$QR$463,9,FALSE),"") | E7001: =IFERROR(VLOOKUP($F7001,'Location List'!$A$2:$QR$463,2,FALSE),"")
A7002: =IFERROR(VLOOKUP($F7002,'Location List'!$A$2:$QR$463,20,FALSE),"") | B7002: =IFERROR(VLOOKUP($F7002,'Location List'!$A$2:$QR$463,19,FALSE),"") | C7002: =IFERROR(VLOOKUP($F7002,'Location List'!$A$2:$QR$463,18,FALSE),"") | D7002: =IFERROR(VLOOKUP($F7002,'Location List'!$A$2:$QR$463,9,FALSE),"") | E7002: =IFERROR(VLOOKUP($F7002,'Location List'!$A$2:$QR$463,2,FALSE),"")
... A30913: =IFERROR(VLOOKUP($F30913,'Location List'!$A$2:$QR$463,20,FALSE),"") | B30913: =IFERROR(VLOOKUP($F30913,'Location List'!$A$2:$QR$463,19,FALSE),"") | C30913: =IFERROR(VLOOKUP($F30913,'Location List'!$A$2:$QR$463,18,FALSE),"") | D30913: =IFERROR(VLOOKUP($F30913,'Location List'!$A$2:$QR$463,9,FALSE),"") | E30913: =IFERROR(VLOOKUP($F30913,'Location List'!$A$2:$QR$463,2,FALSE),"")

Sheet Average TPT Report
A1: ='TPT issue report'!A1 -> Period: From Monday, 27-Oct-2025 06:00 AM To Monday, 03-Nov-2025 06:00 AM
A2: Region | B2: RT | C2: DT | D2: DM | E2: Site name | F2: Site Code | G2: Credits | H2: Total Amount | I2: Card game count | J2: Total Plays | K2: Tickets | L2: AVG TPT
A3: =IFERROR(VLOOKUP(F3,'Location List'!$A$2:$QR$463,20,FALSE),"") -> Bill Eich | B3: =IFERROR(VLOOKUP(F3,'Location List'!$A$2:$QR$644,19,FALSE),"") -> David Garcia | C3: =IFERROR(VLOOKUP(F3,'Location List'!$A$2:$QR$644,18,FALSE),"") -> David Garibay Jr | D3: =IFERROR(VLOOKUP(F3,'Location List'!$A$2:$QR$644,9,FALSE),"") -> ANTHONY CHAPA | E3: =IFERROR(VLOOKUP(F3,'Location List'!$A$2:$QR$644,2,FALSE),"") -> TYLER | F3: 31 | G3: 18595 | H3: 44198 | I3: 1332 | J3: 42866 | K3: 140329 | L3: 3.27
A4: =IFERROR(VLOOKUP(F4,'Location List'!$A$2:$QR$463,20,FALSE),"") -> Bill Eich | B4: =IFERROR(VLOOKUP(F4,'Location List'!$A$2:$QR$644,19,FALSE),"") -> David Garcia | C4: =IFERROR(VLOOKUP(F4,'Location List'!$A$2:$QR$644,18,FALSE),"") -> Hoang Dao | D4: =IFERROR(VLOOKUP(F4,'Location List'!$A$2:$QR$644,9,FALSE),"") -> FRANK RAMIREZ | E4: =IFERROR(VLOOKUP(F4,'Location List'!$A$2:$QR$644,2,FALSE),"") -> FM 1960 | F4: 32 | G4: 17861 | H4: 32276 | I4: 1408 | J4: 30868 | K4: 90022 | L4: 2.92
A5: =IFERROR(VLOOKUP(F5,'Location List'!$A$2:$QR$463,20,FALSE),"") -> Bill Eich | B5: =IFERROR(VLOOKUP(F5,'Location List'!$A$2:$QR$644,19,FALSE),"") -> David Garcia | C5: =IFERROR(VLOOKUP(F5,'Location List'!$A$2:$QR$644,18,FALSE),"") -> Hoang Dao | D5: =IFERROR(VLOOKUP(F5,'Location List'!$A$2:$QR$644,9,FALSE),"") -> FRANK RAMIREZ | E5: =IFERROR(VLOOKUP(F5,'Location List'!$A$2:$QR$644,2,FALSE),"") -> COPPERFIELD | F5: 33 | G5: 14750 | H5: 34441 | I5: 1071 | J5: 33370 | K5: 95513 | L5: 2.86
A6: =IFERROR(VLOOKUP(F6,'Location List'!$A$2:$QR$463,20,FALSE),"") -> Bill Eich | B6: =IFERROR(VLOOKUP(F6,'Location List'!$A$2:$QR$644,19,FALSE),"") -> David Garcia | C6: =IFERROR(VLOOKUP(F6,'Location List'!$A$2:$QR$644,18,FALSE),"") -> Mike Kralick | D6: =IFERROR(VLOOKUP(F6,'Location List'!$A$2:$QR$644,9,FALSE),"") -> KELLI KASPER | E6: =IFERROR(VLOOKUP(F6,'Location List'!$A$2:$QR$644,2,FALSE),"") -> LEWISVILLE | F6: 35 | G6: 10448 | H6: 21741 | I6: 946 | J6: 20795 | K6: 65760 | L6: 3.16
A7: =IFERROR(VLOOKUP(F7,'Location List'!$A$2:$QR$463,20,FALSE),"") -> Bill Eich | B7: =IFERROR(VLOOKUP(F7,'Location List'!$A$2:$QR$644,19,FALSE),"") -> David Garcia | C7: =IFERROR(VLOOKUP(F7,'Location List'!$A$2:$QR$644,18,FALSE),"") -> Jose Sandoval | D7: =IFERROR(VLOOKUP(F7,'Location List'!$A$2:$QR$644,9,FALSE),"") -> ERIC BARGAS | E7: =IFERROR(VLOOKUP(F7,'Location List'!$A$2:$QR$644,2,FALSE),"") -> ROCKWALL | F7: 38 | G7: 16162 | H7: 34810 | I7: 2072 | J7: 32738 | K7: 100204 | L7: 3.06
A8: =IFERROR(VLOOKUP(F8,'Location List'!$A$2:$QR$463,20,FALSE),"") -> Bill Eich | B8: =IFERROR(VLOOKUP(F8,'Location List'!$A$2:$QR$644,19,FALSE),"") -> Dennis Morgan | C8: =IFERROR(VLOOKUP(F8,'Location List'!$A$2:$QR$644,18,FALSE),"") -> Wayne Rough | D8: =IFERROR(VLOOKUP(F8,'Location List'!$A$2:$QR$644,9,FALSE),"") -> HASHEM SAADAT | E8: =IFERROR(VLOOKUP(F8,'Location List'!$A$2:$QR$644,2,FALSE),"") -> ALBEMARLE | F8: 39 | G8: 8929 | H8: 21655 | I8: 1237 | J8: 20418 | K8: 61663 | L8: 3.02
A9: =IFERROR(VLOOKUP(F9,'Location List'!$A$2:$QR$463,20,FALSE),"") -> Tim Kerum | B9: =IFERROR(VLOOKUP(F9,'Location List'!$A$2:$QR$644,19,FALSE),"") -> Troy Chaney | C9: =IFERROR(VLOOKUP(F9,'Location List'!$A$2:$QR$644,18,FALSE),"") -> Manuel Lopez | D9: =IFERROR(VLOOKUP(F9,'Location List'!$A$2:$QR$644,9,FALSE),"") -> OCTAVIO CASTANEDA | E9: =IFERROR(VLOOKUP(F9,'Location List'!$A$2:$QR$644,2,FALSE),"") -> BAKERSFIELD | F9: 41 | G9: 26319 | H9: 49029 | I9: 1280 | J9: 47749 | K9: 140866 | L9: 2.95
A10: =IFERROR(VLOOKUP(F10,'Location List'!$A$2:$QR$463,20,FALSE),"") -> Tim Kerum | B10: =IFERROR(VLOOKUP(F10,'Location List'!$A$2:$QR$644,19,FALSE),"") -> Troy Chaney | C10: =IFERROR(VLOOKUP(F10,'Location List'!$A$2:$QR$644,18,FALSE),"") -> Albino Ramirez | D10: =IFERROR(VLOOKUP(F10,'Location List'!$A$2:$QR$644,9,FALSE),"") -> Adam Shafran | E10: =IFERROR(VLOOKUP(F10,'Location List'!$A$2:$QR$644,2,FALSE),"") -> FRESNO | F10: 42 | G10: 17773 | H10: 34731 | I10: 1155 | J10: 33576 | K10: 95836 | L10: 2.85
A11: =IFERROR(VLOOKUP(F11,'Location List'!$A$2:$QR$463,20,FALSE),"") -> Tim Kerum | B11: =IFERROR(VLOOKUP(F11,'Location List'!$A$2:$QR$644,19,FALSE),"") -> Troy Chaney | C11: =IFERROR(VLOOKUP(F11,'Location List'!$A$2:$QR$644,18,FALSE),"") -> Manuel Lopez | D11: =IFERROR(VLOOKUP(F11,'Location List'!$A$2:$QR$644,9,FALSE),"") -> OCTAVIO CASTANEDA | E11: =IFERROR(VLOOKUP(F11,'Location List'!$A$2:$QR$644,2,FALSE),"") -> VISALIA | F11: 43 | G11: 25512 | H11: 53359 | I11: 1356 | J11: 52003 | K11: 154161 | L11: 2.96
A12: =IFERROR(VLOOKUP(F12,'Location List'!$A$2:$QR$463,20,FALSE),"") -> Tim Kerum | B12: =IFERROR(VLOOKUP(F12,'Location List'!$A$2:$QR$644,19,FALSE),"") -> Troy Chaney | C12: =IFERROR(VLOOKUP(F12,'Location List'!$A$2:$QR$644,18,FALSE),"") | D12: =IFERROR(VLOOKUP(F12,'Location List'!$A$2:$QR$644,9,FALSE),"") -> PATTY CEDILLO | E12: =IFERROR(VLOOKUP(F12,'Location List'!$A$2:$QR$644,2,FALSE),"") -> OCEANSIDE | F12: 45 | G12: 21324 | H12: 37705 | I12: 1162 | J12: 36543 | K12: 110446 | L12: 3.02
A13: =IFERROR(VLOOKUP(F13,'Location List'!$A$2:$QR$463,20,FALSE),"") -> Chris Kelly | B13: =IFERROR(VLOOKUP(F13,'Location List'!$A$2:$QR$644,19,FALSE),"") -> Mike Seymour | C13: =IFERROR(VLOOKUP(F13,'Location List'!$A$2:$QR$644,18,FALSE),"") -> James Schwab | D13: =IFERROR(VLOOKUP(F13,'Location List'!$A$2:$QR$644,9,FALSE),"") -> REGINALD DAVENPORT | E13: =IFERROR(VLOOKUP(F13,'Location List'!$A$2:$QR$644,2,FALSE),"") -> SPRINGFIELD (IL) | F13: 47 | G13: 11117 | H13: 26383 | I13: 1214 | J13: 25169 | K13: 79065 | L13: 3.14
A14: =IFERROR(VLOOKUP(F14,'Location List'!$A$2:$QR$463,20,FALSE),"") -> Bill Eich | B14: =IFERROR(VLOOKUP(F14,'Location List'!$A$2:$QR$644,19,FALSE),"") -> Dennis Morgan | C14: =IFERROR(VLOOKUP(F14,'Location List'!$A$2:$QR$644,18,FALSE),"") -> Richard Boykin | D14: =IFERROR(VLOOKUP(F14,'Location List'!$A$2:$QR$644,9,FALSE),"") -> BRIAN PITRE | E14: =IFERROR(VLOOKUP(F14,'Location List'!$A$2:$QR$644,2,FALSE),"") -> ALEXANDRIA | F14: 48 | G14: 11607 | H14: 24238 | I14: 1068 | J14: 23170 | K14: 67493 | L14: 2.91
... A462: =IFERROR(VLOOKUP(F462,'Location List'!$A$2:$QR$463,20,FALSE),"") -> Chris Kelly | B462: =IFERROR(VLOOKUP(F462,'Location List'!$A$2:$QR$644,19,FALSE),"") -> Chris Parenti | C462: =IFERROR(VLOOKUP(F462,'Location List'!$A$2:$QR$644,18,FALSE),"") -> Robert Lane | D462: =IFERROR(VLOOKUP(F462,'Location List'!$A$2:$QR$644,9,FALSE),"") -> SUSAN JENSEN | E462: =IFERROR(VLOOKUP(F462,'Location List'!$A$2:$QR$644,2,FALSE),"") -> ROANOKE | F462: 972 | G462: 20097 | H462: 47000 | I462: 1405 | J462: 45595 | K462: 128907 | L462: 2.83
A463: =IFERROR(VLOOKUP(F463,'Location List'!$A$2:$QR$463,20,FALSE),"") | B463: =IFERROR(VLOOKUP(F463,'Location List'!$A$2:$QR$644,19,FALSE),"") | C463: =IFERROR(VLOOKUP(F463,'Location List'!$A$2:$QR$644,18,FALSE),"") | D463: =IFERROR(VLOOKUP(F463,'Location List'!$A$2:$QR$644,9,FALSE),"") | E463: =IFERROR(VLOOKUP(F463,'Location List'!$A$2:$QR$644,2,FALSE),"")
A464: =IFERROR(VLOOKUP(F464,'Location List'!$A$2:$QR$463,20,FALSE),"") | B464: =IFERROR(VLOOKUP(F464,'Location List'!$A$2:$QR$644,19,FALSE),"") | C464: =IFERROR(VLOOKUP(F464,'Location List'!$A$2:$QR$644,18,FALSE),"") | D464: =IFERROR(VLOOKUP(F464,'Location List'!$A$2:$QR$644,9,FALSE),"") | E464: =IFERROR(VLOOKUP(F464,'Location List'!$A$2:$QR$644,2,FALSE),"")
A465: =IFERROR(VLOOKUP(F465,'Location List'!$A$2:$QR$463,20,FALSE),"") | B465: =IFERROR(VLOOKUP(F465,'Location List'!$A$2:$QR$644,19,FALSE),"") | C465: =IFERROR(VLOOKUP(F465,'Location List'!$A$2:$QR$644,18,FALSE),"") | D465: =IFERROR(VLOOKUP(F465,'Location List'!$A$2:$QR$644,9,FALSE),"") | E465: =IFERROR(VLOOKUP(F465,'Location List'!$A$2:$QR$644,2,FALSE),"")
A466: =IFERROR(VLOOKUP(F466,'Location List'!$A$2:$QR$463,20,FALSE),"") | B466: =IFERROR(VLOOKUP(F466,'Location List'!$A$2:$QR$644,19,FALSE),"") | C466: =IFERROR(VLOOKUP(F466,'Location List'!$A$2:$QR$644,18,FALSE),"") | D466: =IFERROR(VLOOKUP(F466,'Location List'!$A$2:$QR$644,9,FALSE),"") | E466: =IFERROR(VLOOKUP(F466,'Location List'!$A$2:$QR$644,2,FALSE),"")
A467: =IFERROR(VLOOKUP(F467,'Location List'!$A$2:$QR$463,20,FALSE),"") | B467: =IFERROR(VLOOKUP(F467,'Location List'!$A$2:$QR$644,19,FALSE),"") | C467: =IFERROR(VLOOKUP(F467,'Location List'!$A$2:$QR$644,18,FALSE),"") | D467: =IFERROR(VLOOKUP(F467,'Location List'!$A$2:$QR$644,9,FALSE),"") | E467: =IFERROR(VLOOKUP(F467,'Location List'!$A$2:$QR$644,2,FALSE),"")
A468: =IFERROR(VLOOKUP(F468,'Location List'!$A$2:$QR$463,20,FALSE),"") | B468: =IFERROR(VLOOKUP(F468,'Location List'!$A$2:$QR$644,19,FALSE),"") | C468: =IFERROR(VLOOKUP(F468,'Location List'!$A$2:$QR$644,18,FALSE),"") | D468: =IFERROR(VLOOKUP(F468,'Location List'!$A$2:$QR$644,9,FALSE),"") | E468: =IFERROR(VLOOKUP(F468,'Location List'!$A$2:$QR$644,2,FALSE),"")
A469: =IFERROR(VLOOKUP(F469,'Location List'!$A$2:$QR$463,20,FALSE),"") | B469: =IFERROR(VLOOKUP(F469,'Location List'!$A$2:$QR$644,19,FALSE),"") | C469: =IFERROR(VLOOKUP(F469,'Location List'!$A$2:$QR$644,18,FALSE),"") | D469: =IFERROR(VLOOKUP(F469,'Location List'!$A$2:$QR$644,9,FALSE),"") | E469: =IFERROR(VLOOKUP(F469,'Location List'!$A$2:$QR$644,2,FALSE),"")
A470: =IFERROR(VLOOKUP(F470,'Location List'!$A$2:$QR$463,20,FALSE),"") | B470: =IFERROR(VLOOKUP(F470,'Location List'!$A$2:$QR$644,19,FALSE),"") | C470: =IFERROR(VLOOKUP(F470,'Location List'!$A$2:$QR$644,18,FALSE),"") | D470: =IFERROR(VLOOKUP(F470,'Location List'!$A$2:$QR$644,9,FALSE),"") | E470: =IFERROR(VLOOKUP(F470,'Location List'!$A$2:$QR$644,2,FALSE),"")
A471: =IFERROR(VLOOKUP(F471,'Location List'!$A$2:$QR$463,20,FALSE),"") | B471: =IFERROR(VLOOKUP(F471,'Location List'!$A$2:$QR$644,19,FALSE),"") | C471: =IFERROR(VLOOKUP(F471,'Location List'!$A$2:$QR$644,18,FALSE),"") | D471: =IFERROR(VLOOKUP(F471,'Location List'!$A$2:$QR$644,9,FALSE),"") | E471: =IFERROR(VLOOKUP(F471,'Location List'!$A$2:$QR$644,2,FALSE),"")
A472: =IFERROR(VLOOKUP(F472,'Location List'!$A$2:$QR$463,20,FALSE),"") | B472: =IFERROR(VLOOKUP(F472,'Location List'!$A$2:$QR$644,19,FALSE),"") | C472: =IFERROR(VLOOKUP(F472,'Location List'!$A$2:$QR$644,18,FALSE),"") | D472: =IFERROR(VLOOKUP(F472,'Location List'!$A$2:$QR$644,9,FALSE),"") | E472: =IFERROR(VLOOKUP(F472,'Location List'!$A$2:$QR$644,2,FALSE),"")
A473: =IFERROR(VLOOKUP(F473,'Location List'!$A$2:$QR$463,20,FALSE),"") | B473: =IFERROR(VLOOKUP(F473,'Location List'!$A$2:$QR$644,19,FALSE),"") | C473: =IFERROR(VLOOKUP(F473,'Location List'!$A$2:$QR$644,18,FALSE),"") | D473: =IFERROR(VLOOKUP(F473,'Location List'!$A$2:$QR$644,9,FALSE),"") | E473: =IFERROR(VLOOKUP(F473,'Location List'!$A$2:$QR$644,2,FALSE),"")
A474: =IFERROR(VLOOKUP(F474,'Location List'!$A$2:$QR$463,20,FALSE),"") | B474: =IFERROR(VLOOKUP(F474,'Location List'!$A$2:$QR$644,19,FALSE),"") | C474: =IFERROR(VLOOKUP(F474,'Location List'!$A$2:$QR$644,18,FALSE),"") | D474: =IFERROR(VLOOKUP(F474,'Location List'!$A$2:$QR$644,9,FALSE),"") | E474: =IFERROR(VLOOKUP(F474,'Location List'!$A$2:$QR$644,2,FALSE),"")
A475: =IFERROR(VLOOKUP(F475,'Location List'!$A$2:$QR$463,20,FALSE),"") | B475: =IFERROR(VLOOKUP(F475,'Location List'!$A$2:$QR$644,19,FALSE),"") | C475: =IFERROR(VLOOKUP(F475,'Location List'!$A$2:$QR$644,18,FALSE),"") | D475: =IFERROR(VLOOKUP(F475,'Location List'!$A$2:$QR$644,9,FALSE),"") | E475: =IFERROR(VLOOKUP(F475,'Location List'!$A$2:$QR$644,2,FALSE),"")

Sheet Rolling 3 weeks
A2: Region | B2: RT | C2: DT | D2: DM | E2: Site name | F2: Site Code | G2: 3 weeks average | H2: =I2-7 -> 45950 | I2: =J2-7 -> 45957 | J2: 45964 | K2: Notes
A3: =IFERROR(VLOOKUP(F3,'Location List'!$A$2:$T$463,20,FALSE),"") -> Bill Eich | B3: =IFERROR(VLOOKUP(F3,'Location List'!$A$2:$T$644,19,FALSE),"") -> David Garcia | C3: =IFERROR(VLOOKUP(F3,'Location List'!$A$2:$T$644,18,FALSE),"") -> David Garibay Jr | D3: =IFERROR(VLOOKUP(F3,'Location List'!$A$2:$T$644,9,FALSE),"") -> ANTHONY CHAPA | E3: =IFERROR(VLOOKUP(F3,'Location List'!$A$2:$T$644,2,FALSE),"") -> TYLER | F3: 31 | G3: =AVERAGE(H3:JH3) -> 3.22 | H3: 3.29 | I3: 3.1 | J3: 3.27
A4: =IFERROR(VLOOKUP(F4,'Location List'!$A$2:$T$463,20,FALSE),"") -> Bill Eich | B4: =IFERROR(VLOOKUP(F4,'Location List'!$A$2:$T$644,19,FALSE),"") -> David Garcia | C4: =IFERROR(VLOOKUP(F4,'Location List'!$A$2:$T$644,18,FALSE),"") -> Hoang Dao | D4: =IFERROR(VLOOKUP(F4,'Location List'!$A$2:$T$644,9,FALSE),"") -> FRANK RAMIREZ | E4: =IFERROR(VLOOKUP(F4,'Location List'!$A$2:$T$644,2,FALSE),"") -> FM 1960 | F4: 32 | G4: =AVERAGE(H4:JH4) -> 3.03 | H4: 3.07 | I4: 3.1 | J4: 2.92
A5: =IFERROR(VLOOKUP(F5,'Location List'!$A$2:$T$463,20,FALSE),"") -> Bill Eich | B5: =IFERROR(VLOOKUP(F5,'Location List'!$A$2:$T$644,19,FALSE),"") -> David Garcia | C5: =IFERROR(VLOOKUP(F5,'Location List'!$A$2:$T$644,18,FALSE),"") -> Hoang Dao | D5: =IFERROR(VLOOKUP(F5,'Location List'!$A$2:$T$644,9,FALSE),"") -> FRANK RAMIREZ | E5: =IFERROR(VLOOKUP(F5,'Location List'!$A$2:$T$644,2,FALSE),"") -> COPPERFIELD | F5: 33 | G5: =AVERAGE(H5:JH5) -> 2.9233333 | H5: 2.99 | I5: 2.92 | J5: 2.86
A6: =IFERROR(VLOOKUP(F6,'Location List'!$A$2:$T$463,20,FALSE),"") -> Bill Eich | B6: =IFERROR(VLOOKUP(F6,'Location List'!$A$2:$T$644,19,FALSE),"") -> David Garcia | C6: =IFERROR(VLOOKUP(F6,'Location List'!$A$2:$T$644,18,FALSE),"") -> Mike Kralick | D6: =IFERROR(VLOOKUP(F6,'Location List'!$A$2:$T$644,9,FALSE),"") -> KELLI KASPER | E6: =IFERROR(VLOOKUP(F6,'Location List'!$A$2:$T$644,2,FALSE),"") -> LEWISVILLE | F6: 35 | G6: =AVERAGE(H6:JH6) -> 3.03 | H6: 2.93 | I6: 3 | J6: 3.16
A7: =IFERROR(VLOOKUP(F7,'Location List'!$A$2:$T$463,20,FALSE),"") -> Bill Eich | B7: =IFERROR(VLOOKUP(F7,'Location List'!$A$2:$T$644,19,FALSE),"") -> David Garcia | C7: =IFERROR(VLOOKUP(F7,'Location List'!$A$2:$T$644,18,FALSE),"") -> Jose Sandoval | D7: =IFERROR(VLOOKUP(F7,'Location List'!$A$2:$T$644,9,FALSE),"") -> ERIC BARGAS | E7: =IFERROR(VLOOKUP(F7,'Location List'!$A$2:$T$644,2,FALSE),"") -> ROCKWALL | F7: 38 | G7: =AVERAGE(H7:JH7) -> 2.9233333 | H7: 2.8 | I7: 2.91 | J7: 3.06
A8: =IFERROR(VLOOKUP(F8,'Location List'!$A$2:$T$463,20,FALSE),"") -> Bill Eich | B8: =IFERROR(VLOOKUP(F8,'Location List'!$A$2:$T$644,19,FALSE),"") -> Dennis Morgan | C8: =IFERROR(VLOOKUP(F8,'Location List'!$A$2:$T$644,18,FALSE),"") -> Wayne Rough | D8: =IFERROR(VLOOKUP(F8,'Location List'!$A$2:$T$644,9,FALSE),"") -> HASHEM SAADAT | E8: =IFERROR(VLOOKUP(F8,'Location List'!$A$2:$T$644,2,FALSE),"") -> ALBEMARLE | F8: 39 | G8: =AVERAGE(H8:JH8) -> 3.07 | H8: 3.02 | I8: 3.17 | J8: 3.02
A9: =IFERROR(VLOOKUP(F9,'Location List'!$A$2:$T$463,20,FALSE),"") -> Tim Kerum | B9: =IFERROR(VLOOKUP(F9,'Location List'!$A$2:$T$644,19,FALSE),"") -> Troy Chaney | C9: =IFERROR(VLOOKUP(F9,'Location List'!$A$2:$T$644,18,FALSE),"") -> Manuel Lopez | D9: =IFERROR(VLOOKUP(F9,'Location List'!$A$2:$T$644,9,FALSE),"") -> OCTAVIO CASTANEDA | E9: =IFERROR(VLOOKUP(F9,'Location List'!$A$2:$T$644,2,FALSE),"") -> BAKERSFIELD | F9: 41 | G9: =AVERAGE(H9:JH9) -> 3.05 | H9: 3.12 | I9: 3.08 | J9: 2.95
A10: =IFERROR(VLOOKUP(F10,'Location List'!$A$2:$T$463,20,FALSE),"") -> Tim Kerum | B10: =IFERROR(VLOOKUP(F10,'Location List'!$A$2:$T$644,19,FALSE),"") -> Troy Chaney | C10: =IFERROR(VLOOKUP(F10,'Location List'!$A$2:$T$644,18,FALSE),"") -> Albino Ramirez | D10: =IFERROR(VLOOKUP(F10,'Location List'!$A$2:$T$644,9,FALSE),"") -> Adam Shafran | E10: =IFERROR(VLOOKUP(F10,'Location List'!$A$2:$T$644,2,FALSE),"") -> FRESNO | F10: 42 | G10: =AVERAGE(H10:JH10) -> 2.91 | H10: 2.87 | I10: 3.01 | J10: 2.85
A11: =IFERROR(VLOOKUP(F11,'Location List'!$A$2:$T$463,20,FALSE),"") -> Tim Kerum | B11: =IFERROR(VLOOKUP(F11,'Location List'!$A$2:$T$644,19,FALSE),"") -> Troy Chaney | C11: =IFERROR(VLOOKUP(F11,'Location List'!$A$2:$T$644,18,FALSE),"") -> Manuel Lopez | D11: =IFERROR(VLOOKUP(F11,'Location List'!$A$2:$T$644,9,FALSE),"") -> OCTAVIO CASTANEDA | E11: =IFERROR(VLOOKUP(F11,'Location List'!$A$2:$T$644,2,FALSE),"") -> VISALIA | F11: 43 | G11: =AVERAGE(H11:JH11) -> 3.0233333 | H11: 3.07 | I11: 3.04 | J11: 2.96
A12: =IFERROR(VLOOKUP(F12,'Location List'!$A$2:$T$463,20,FALSE),"") -> Tim Kerum | B12: =IFERROR(VLOOKUP(F12,'Location List'!$A$2:$T$644,19,FALSE),"") -> Troy Chaney | C12: =IFERROR(VLOOKUP(F12,'Location List'!$A$2:$T$644,18,FALSE),"") | D12: =IFERROR(VLOOKUP(F12,'Location List'!$A$2:$T$644,9,FALSE),"") -> PATTY CEDILLO | E12: =IFERROR(VLOOKUP(F12,'Location List'!$A$2:$T$644,2,FALSE),"") -> OCEANSIDE | F12: 45 | G12: =AVERAGE(H12:JH12) -> 2.9666667 | H12: 3.01 | I12: 2.87 | J12: 3.02
A13: =IFERROR(VLOOKUP(F13,'Location List'!$A$2:$T$463,20,FALSE),"") -> Chris Kelly | B13: =IFERROR(VLOOKUP(F13,'Location List'!$A$2:$T$644,19,FALSE),"") -> Mike Seymour | C13: =IFERROR(VLOOKUP(F13,'Location List'!$A$2:$T$644,18,FALSE),"") -> James Schwab | D13: =IFERROR(VLOOKUP(F13,'Location List'!$A$2:$T$644,9,FALSE),"") -> REGINALD DAVENPORT | E13: =IFERROR(VLOOKUP(F13,'Location List'!$A$2:$T$644,2,FALSE),"") -> SPRINGFIELD (IL) | F13: 47 | G13: =AVERAGE(H13:JH13) -> 3.1 | H13: 3 | I13: 3.16 | J13: 3.14
A14: =IFERROR(VLOOKUP(F14,'Location List'!$A$2:$T$463,20,FALSE),"") -> Bill Eich | B14: =IFERROR(VLOOKUP(F14,'Location List'!$A$2:$T$644,19,FALSE),"") -> Dennis Morgan | C14: =IFERROR(VLOOKUP(F14,'Location List'!$A$2:$T$644,18,FALSE),"") -> Richard Boykin | D14: =IFERROR(VLOOKUP(F14,'Location List'!$A$2:$T$644,9,FALSE),"") -> BRIAN PITRE | E14: =IFERROR(VLOOKUP(F14,'Location List'!$A$2:$T$644,2,FALSE),"") -> ALEXANDRIA | F14: 48 | G14: =AVERAGE(H14:JH14) -> 2.99 | H14: 3.14 | I14: 2.92 | J14: 2.91
... A462: =IFERROR(VLOOKUP(F462,'Location List'!$A$2:$T$463,20,FALSE),"") -> Chris Kelly | B462: =IFERROR(VLOOKUP(F462,'Location List'!$A$2:$T$644,19,FALSE),"") -> Chris Parenti | C462: =IFERROR(VLOOKUP(F462,'Location List'!$A$2:$T$644,18,FALSE),"") -> Robert Lane | D462: =IFERROR(VLOOKUP(F462,'Location List'!$A$2:$T$644,9,FALSE),"") -> SUSAN JENSEN | E462: =IFERROR(VLOOKUP(F462,'Location List'!$A$2:$T$644,2,FALSE),"") -> ROANOKE | F462: 972 | G462: =AVERAGE(H462:JH462) -> 2.8833333 | H462: 2.89 | I462: 2.93 | J462: 2.83
A463: =IFERROR(VLOOKUP(F463,'Location List'!$A$2:$T$462,20,FALSE),"") | B463: =IFERROR(VLOOKUP(F463,'Location List'!$A$2:$T$644,19,FALSE),"") | C463: =IFERROR(VLOOKUP(F463,'Location List'!$A$2:$T$644,18,FALSE),"") | D463: =IFERROR(VLOOKUP(F463,'Location List'!$A$2:$T$644,9,FALSE),"") | E463: =IFERROR(VLOOKUP(F463,'Location List'!$A$2:$T$644,2,FALSE),"")
A464: =IFERROR(VLOOKUP(F464,'Location List'!$A$2:$T$462,20,FALSE),"") | B464: =IFERROR(VLOOKUP(F464,'Location List'!$A$2:$T$644,19,FALSE),"") | C464: =IFERROR(VLOOKUP(F464,'Location List'!$A$2:$T$644,18,FALSE),"") | D464: =IFERROR(VLOOKUP(F464,'Location List'!$A$2:$T$644,9,FALSE),"") | E464: =IFERROR(VLOOKUP(F464,'Location List'!$A$2:$T$644,2,FALSE),"")
A465: =IFERROR(VLOOKUP(F465,'Location List'!$A$2:$T$462,20,FALSE),"") | B465: =IFERROR(VLOOKUP(F465,'Location List'!$A$2:$T$644,19,FALSE),"") | C465: =IFERROR(VLOOKUP(F465,'Location List'!$A$2:$T$644,18,FALSE),"") | D465: =IFERROR(VLOOKUP(F465,'Location List'!$A$2:$T$644,9,FALSE),"") | E465: =IFERROR(VLOOKUP(F465,'Location List'!$A$2:$T$644,2,FALSE),"")
A466: =IFERROR(VLOOKUP(F466,'Location List'!$A$2:$T$462,20,FALSE),"") | B466: =IFERROR(VLOOKUP(F466,'Location List'!$A$2:$T$644,19,FALSE),"") | C466: =IFERROR(VLOOKUP(F466,'Location List'!$A$2:$T$644,18,FALSE),"") | D466: =IFERROR(VLOOKUP(F466,'Location List'!$A$2:$T$644,9,FALSE),"") | E466: =IFERROR(VLOOKUP(F466,'Location List'!$A$2:$T$644,2,FALSE),"")
A467: =IFERROR(VLOOKUP(F467,'Location List'!$A$2:$T$462,20,FALSE),"") | B467: =IFERROR(VLOOKUP(F467,'Location List'!$A$2:$T$644,19,FALSE),"") | C467: =IFERROR(VLOOKUP(F467,'Location List'!$A$2:$T$644,18,FALSE),"") | D467: =IFERROR(VLOOKUP(F467,'Location List'!$A$2:$T$644,9,FALSE),"") | E467: =IFERROR(VLOOKUP(F467,'Location List'!$A$2:$T$644,2,FALSE),"")
A468: =IFERROR(VLOOKUP(F468,'Location List'!$A$2:$T$462,20,FALSE),"") | B468: =IFERROR(VLOOKUP(F468,'Location List'!$A$2:$T$644,19,FALSE),"") | C468: =IFERROR(VLOOKUP(F468,'Location List'!$A$2:$T$644,18,FALSE),"") | D468: =IFERROR(VLOOKUP(F468,'Location List'!$A$2:$T$644,9,FALSE),"") | E468: =IFERROR(VLOOKUP(F468,'Location List'!$A$2:$T$644,2,FALSE),"")
A469: =IFERROR(VLOOKUP(F469,'Location List'!$A$2:$T$462,20,FALSE),"") | B469: =IFERROR(VLOOKUP(F469,'Location List'!$A$2:$T$644,19,FALSE),"") | C469: =IFERROR(VLOOKUP(F469,'Location List'!$A$2:$T$644,18,FALSE),"") | D469: =IFERROR(VLOOKUP(F469,'Location List'!$A$2:$T$644,9,FALSE),"") | E469: =IFERROR(VLOOKUP(F469,'Location List'!$A$2:$T$644,2,FALSE),"")
A470: =IFERROR(VLOOKUP(F470,'Location List'!$A$2:$T$462,20,FALSE),"") | B470: =IFERROR(VLOOKUP(F470,'Location List'!$A$2:$T$644,19,FALSE),"") | C470: =IFERROR(VLOOKUP(F470,'Location List'!$A$2:$T$644,18,FALSE),"") | D470: =IFERROR(VLOOKUP(F470,'Location List'!$A$2:$T$644,9,FALSE),"") | E470: =IFERROR(VLOOKUP(F470,'Location List'!$A$2:$T$644,2,FALSE),"")
A471: =IFERROR(VLOOKUP(F471,'Location List'!$A$2:$T$462,20,FALSE),"") | B471: =IFERROR(VLOOKUP(F471,'Location List'!$A$2:$T$644,19,FALSE),"") | C471: =IFERROR(VLOOKUP(F471,'Location List'!$A$2:$T$644,18,FALSE),"") | D471: =IFERROR(VLOOKUP(F471,'Location List'!$A$2:$T$644,9,FALSE),"") | E471: =IFERROR(VLOOKUP(F471,'Location List'!$A$2:$T$644,2,FALSE),"")
A472: =IFERROR(VLOOKUP(F472,'Location List'!$A$2:$T$462,20,FALSE),"") | B472: =IFERROR(VLOOKUP(F472,'Location List'!$A$2:$T$644,19,FALSE),"") | C472: =IFERROR(VLOOKUP(F472,'Location List'!$A$2:$T$644,18,FALSE),"") | D472: =IFERROR(VLOOKUP(F472,'Location List'!$A$2:$T$644,9,FALSE),"") | E472: =IFERROR(VLOOKUP(F472,'Location List'!$A$2:$T$644,2,FALSE),"")
A473: =IFERROR(VLOOKUP(F473,'Location List'!$A$2:$T$462,20,FALSE),"") | B473: =IFERROR(VLOOKUP(F473,'Location List'!$A$2:$T$644,19,FALSE),"") | C473: =IFERROR(VLOOKUP(F473,'Location List'!$A$2:$T$644,18,FALSE),"") | D473: =IFERROR(VLOOKUP(F473,'Location List'!$A$2:$T$644,9,FALSE),"") | E473: =IFERROR(VLOOKUP(F473,'Location List'!$A$2:$T$644,2,FALSE),"")
A474: =IFERROR(VLOOKUP(F474,'Location List'!$A$2:$T$462,20,FALSE),"") | B474: =IFERROR(VLOOKUP(F474,'Location List'!$A$2:$T$644,19,FALSE),"") | C474: =IFERROR(VLOOKUP(F474,'Location List'!$A$2:$T$644,18,FALSE),"") | D474: =IFERROR(VLOOKUP(F474,'Location List'!$A$2:$T$644,9,FALSE),"") | E474: =IFERROR(VLOOKUP(F474,'Location List'!$A$2:$T$644,2,FALSE),"")
... A477: =IFERROR(VLOOKUP(F477,'Location List'!$A$2:$T$462,20,FALSE),"") | B477: =IFERROR(VLOOKUP(F477,'Location List'!$A$2:$T$644,19,FALSE),"") | C477: =IFERROR(VLOOKUP(F477,'Location List'!$A$2:$T$644,18,FALSE),"") | D477: =IFERROR(VLOOKUP(F477,'Location List'!$A$2:$T$644,9,FALSE),"") | E477: =IFERROR(VLOOKUP(F477,'Location List'!$A$2:$T$644,2,FALSE),"")

Sheet Week to Week 
G3: Period 1 | L3: Period 2 | Q3: Period 3 | W3: Period 4 | AB3: Period 5 | AG3: Period 6 | AM3: Period 7 | AR3: Period 8 | AW3: Period 9 | BC3: Period 10 | BH3: Period 11 | BM3: Period 12
A4: Region | B4: RT | C4: DT | D4: DM | E4: Site name | F4: Site Code | G4: 45663 | H4: =SUM(G4+7) -> 45670 | I4: =SUM(H4+7) -> 45677 | J4: =SUM(I4+7) -> 45684 | K4: Pd 1 | L4: =SUM(J4+7) -> 45691 | M4: =SUM(L4+7) -> 45698 | N4: =SUM(M4+7) -> 45705 | O4: =SUM(N4+7) -> 45712 | P4: Pd 2 | Q4: =SUM(O4+7) -> 45719 | R4: =SUM(Q4+7) -> 45726 | S4: =SUM(R4+7) -> 45733 | T4: =SUM(S4+7) -> 45740 | U4: =SUM(T4+7) -> 45747 | V4: Pd 3 | W4: =SUM(U4+7) -> 45754 | X4: =SUM(W4+7) -> 45761 | Y4: =SUM(X4+7) -> 45768 | Z4: =SUM(Y4+7) -> 45775 | AA4: Pd 4 | AB4: =SUM(Z4+7) -> 45782 | AC4: =SUM(AB4+7) -> 45789 | AD4: =SUM(AC4+7) -> 45796 | AE4: =SUM(AD4+7) -> 45803 | AF4: Pd 5 | AG4: =SUM(AE4+7) -> 45810 | AH4: =SUM(AG4+7) -> 45817 | AI4: =SUM(AH4+7) -> 45824 | AJ4: =SUM(AI4+7) -> 45831 | AK4: =SUM(AJ4+7) -> 45838 | AL4: Pd 6 | AM4: =SUM(AK4+7) -> 45845 | AN4: =SUM(AM4+7) -> 45852 | AO4: =SUM(AN4+7) -> 45859 | AP4: =SUM(AO4+7) -> 45866 | AQ4: Pd 7 | AR4: =SUM(AP4+7) -> 45873 | AS4: =SUM(AR4+7) -> 45880 | AT4: =SUM(AS4+7) -> 45887 | AU4: =SUM(AT4+7) -> 45894 | AV4: Pd 8 | AW4: =SUM(AU4+7) -> 45901 | AX4: =SUM(AW4+7) -> 45908 | AY4: =SUM(AX4+7) -> 45915 | AZ4: =SUM(AY4+7) -> 45922 | BA4: =SUM(AZ4+7) -> 45929 | BB4: Pd 9 | BC4: =BA4+7 -> 45936 | BD4: =SUM(BC4+7) -> 45943 | BE4: =SUM(BD4+7) -> 45950 | BF4: =SUM(BE4+7) -> 45957 | BG4: Pd 10 | BH4: =SUM(BF4+7) -> 45964 | BI4: =SUM(BH4+7) -> 45971 | BJ4: =SUM(BI4+7) -> 45978 | BK4: =SUM(BJ4+7) -> 45985 | BL4: Pd 11 | BM4: =SUM(BK4+7) -> 45992 | BN4: =SUM(BM4+7) -> 45999 | BO4: =SUM(BN4+7) -> 46006 | BP4: =SUM(BO4+7) -> 46013 | BQ4: =SUM(BP4+7) -> 46020 | BR4: Pd 12
A5: =VLOOKUP(F5,'Location List'!$A$2:$T$644,20,FALSE) -> Bill Eich | B5: =VLOOKUP(F5,'Location List'!$A$2:$T$644,19,FALSE) -> David Garcia | C5: =VLOOKUP(F5,'Location List'!$A$2:$T$644,18,FALSE) -> David Garibay Jr | D5: =VLOOKUP(F5,'Location List'!$A$2:$T$644,9,FALSE) -> ANTHONY CHAPA | E5: =VLOOKUP(F5,'Location List'!$A$2:$T$644,2,FALSE) -> TYLER | F5: 31 | G5: 2.98 | H5: 3.13 | I5: 3.17 | J5: 3.02 | K5: =AVERAGE(G5:J5) -> 3.075 | L5: 3 | M5: 3.04 | N5: 3.17 | O5: 3.28 | P5: =AVERAGE(L5:O5) -> 3.1225 | Q5: 3.06 | R5: 3.18 | T5: 3.16 | U5: 3 | V5: =AVERAGE(Q5:U5) -> 3.1 | W5: 2.99 | X5: 3.02 | Y5: 3.15 | Z5: 2.93 | AA5: =AVERAGE(W5:Z5) -> 3.0225 | AB5: 3.04 | AC5: 3.11 | AD5: 3.11 | AE5: 3.19 | AF5: =AVERAGE(AB5:AE5) -> 3.1125 | AG5: 3.22 | AH5: 3.06 | AI5: 3.31 | AJ5: 3.11 | AK5: 2.89 | AL5: =AVERAGE(AH5:AK5) -> 3.0925 | AM5: 2.95 | AN5: 2.99 | AO5: 3.06 | AP5: 3.17 | AQ5: =AVERAGE(AM5:AP5) -> 3.0425 | AR5: 3.13 | AS5: 3.43 | AT5: 3.43 | AU5: 3.12 | AV5: =AVERAGE(AR5:AU5) -> 3.2775 | AW5: 3.13 | AX5: 2.9 | AY5: 3.15 | AZ5: 3.05 | BA5: 3.22 | BB5: =AVERAGE(AW5:BA5) -> 3.09 | BC5: 3.17 | BD5: 2.96 | BE5: 3.29 | BF5: 3.1 | BG5: =AVERAGE(BC5:BF5) -> 3.13 | BH5: 3.27 | BL5: =AVERAGE(BH5:BK5) -> 3.27 | BR5: =AVERAGE(BM5:BQ5) -> #DIV/0!
A6: =VLOOKUP(F6,'Location List'!$A$2:$T$644,20,FALSE) -> Bill Eich | B6: =VLOOKUP(F6,'Location List'!$A$2:$T$644,19,FALSE) -> David Garcia | C6: =VLOOKUP(F6,'Location List'!$A$2:$T$644,18,FALSE) -> Hoang Dao | D6: =VLOOKUP(F6,'Location List'!$A$2:$T$644,9,FALSE) -> FRANK RAMIREZ | E6: =VLOOKUP(F6,'Location List'!$A$2:$T$644,2,FALSE) -> FM 1960 | F6: 32 | G6: 3.09 | H6: 3.24 | I6: 3.36 | J6: 3.3 | K6: =AVERAGE(G6:J6) -> 3.2475 | L6: 3.49 | M6: 3.34 | N6: 3.26 | O6: 3.17 | P6: =AVERAGE(L6:O6) -> 3.315 | Q6: 3.35 | R6: 3.15 | T6: 3.63 | U6: 3.6 | V6: =AVERAGE(Q6:U6) -> 3.4325 | W6: 2.93 | X6: 3.07 | Y6: 3.03 | Z6: 3.15 | AA6: =AVERAGE(W6:Z6) -> 3.045 | AB6: 2.95 | AC6: 2.97 | AD6: 3.38 | AE6: 3.21 | AF6: =AVERAGE(AB6:AE6) -> 3.1275 | AG6: 3.02 | AH6: 2.85 | AI6: 2.96 | AJ6: 3.04 | AK6: 3.06 | AL6: =AVERAGE(AH6:AK6) -> 2.9775 | AM6: 3.23 | AN6: 3.31 | AO6: 3.18 | AP6: 3.16 | AQ6: =AVERAGE(AM6:AP6) -> 3.22 | AR6: 3.12 | AS6: 3.65 | AT6: 3.09 | AU6: 3.39 | AV6: =AVERAGE(AR6:AU6) -> 3.3125 | AW6: 2.99 | AX6: 2.92 | AY6: 2.96 | AZ6: 3.05 | BA6: 3.4 | BB6: =AVERAGE(AW6:BA6) -> 3.064 | BC6: 3.01 | BD6: 2.93 | BE6: 3.07 | BF6: 3.1 | BG6: =AVERAGE(BC6:BF6) -> 3.0275 | BH6: 2.92 | BL6: =AVERAGE(BH6:BK6) -> 2.92 | BR6: =AVERAGE(BM6:BQ6) -> #DIV/0!
A7: =VLOOKUP(F7,'Location List'!$A$2:$T$644,20,FALSE) -> Bill Eich | B7: =VLOOKUP(F7,'Location List'!$A$2:$T$644,19,FALSE) -> David Garcia | C7: =VLOOKUP(F7,'Location List'!$A$2:$T$644,18,FALSE) -> Hoang Dao | D7: =VLOOKUP(F7,'Location List'!$A$2:$T$644,9,FALSE) -> FRANK RAMIREZ | E7: =VLOOKUP(F7,'Location List'!$A$2:$T$644,2,FALSE) -> COPPERFIELD | F7: 33 | G7: 3.12 | H7: 3.07 | I7: 2.76 | J7: 3.15 | K7: =AVERAGE(G7:J7) -> 3.025 | L7: 3.19 | M7: 2.94 | N7: 2.95 | O7: 2.92 | P7: =AVERAGE(L7:O7) -> 3 | Q7: 2.87 | R7: 2.88 | T7: 3.3 | U7: 3.06 | V7: =AVERAGE(Q7:U7) -> 3.0275 | W7: 3.04 | X7: 2.96 | Y7: 3.01 | Z7: 3.19 | AA7: =AVERAGE(W7:Z7) -> 3.05 | AB7: 2.92 | AC7: 2.84 | AD7: 2.95 | AE7: 3.02 | AF7: =AVERAGE(AB7:AE7) -> 2.9325 | AG7: 3.04 | AH7: 3.3 | AI7: 3.05 | AJ7: 3.11 | AK7: 3.13 | AL7: =AVERAGE(AH7:AK7) -> 3.1475 | AM7: 3.13 | AN7: 2.88 | AO7: 3.1 | AP7: 2.91 | AQ7: =AVERAGE(AM7:AP7) -> 3.005 | AR7: 3 | AS7: 3.09 | AT7: 3.09 | AU7: 3.12 | AV7: =AVERAGE(AR7:AU7) -> 3.075 | AW7: 2.79 | AX7: 3 | AY7: 3.2 | AZ7: 2.98 | BA7: 3 | BB7: =AVERAGE(AW7:BA7) -> 2.994 | BC7: 2.73 | BD7: 3 | BE7: 2.99 | BF7: 2.92 | BG7: =AVERAGE(BC7:BF7) -> 2.91 | BH7: 2.86 | BL7: =AVERAGE(BH7:BK7) -> 2.86 | BR7: =AVERAGE(BM7:BQ7) -> #DIV/0!
A8: =VLOOKUP(F8,'Location List'!$A$2:$T$644,20,FALSE) -> Bill Eich | B8: =VLOOKUP(F8,'Location List'!$A$2:$T$644,19,FALSE) -> David Garcia | C8: =VLOOKUP(F8,'Location List'!$A$2:$T$644,18,FALSE) -> Mike Kralick | D8: =VLOOKUP(F8,'Location List'!$A$2:$T$644,9,FALSE) -> KELLI KASPER | E8: =VLOOKUP(F8,'Location List'!$A$2:$T$644,2,FALSE) -> LEWISVILLE | F8: 35 | G8: 3.2 | H8: 2.96 | I8: 3.01 | J8: 3.22 | K8: =AVERAGE(G8:J8) -> 3.0975 | L8: 3.04 | M8: 3.06 | N8: 3.21 | O8: 3.14 | P8: =AVERAGE(L8:O8) -> 3.1125 | Q8: 3.14 | R8: 3.33 | T8: 3.08 | U8: 3.1 | V8: =AVERAGE(Q8:U8) -> 3.1625 | W8: 3.03 | X8: 3.2 | Y8: 3.23 | Z8: 3.07 | AA8: =AVERAGE(W8:Z8) -> 3.1325 | AB8: 3.55 | AC8: 3.05 | AD8: 3.06 | AE8: 3.12 | AF8: =AVERAGE(AB8:AE8) -> 3.195 | AG8: 3.33 | AH8: 3.1 | AI8: 3.09 | AJ8: 3.14 | AK8: 3.23 | AL8: =AVERAGE(AH8:AK8) -> 3.14 | AM8: 3.32 | AN8: 3.37 | AO8: 3.38 | AP8: 3.22 | AQ8: =AVERAGE(AM8:AP8) -> 3.3225 | AR8: 3.49 | AS8: 2.75 | AT8: 2.91 | AU8: 2.91 | AV8: =AVERAGE(AR8:AU8) -> 3.015 | AW8: 2.95 | AX8: 2.98 | AY8: 3.02 | AZ8: 3.18 | BA8: 3.26 | BB8: =AVERAGE(AW8:BA8) -> 3.078 | BC8: 2.96 | BD8: 2.92 | BE8: 2.93 | BF8: 3 | BG8: =AVERAGE(BC8:BF8) -> 2.9525 | BH8: 3.16 | BL8: =AVERAGE(BH8:BK8) -> 3.16 | BR8: =AVERAGE(BM8:BQ8) -> #DIV/0!
A9: =VLOOKUP(F9,'Location List'!$A$2:$T$644,20,FALSE) -> Bill Eich | B9: =VLOOKUP(F9,'Location List'!$A$2:$T$644,19,FALSE) -> David Garcia | C9: =VLOOKUP(F9,'Location List'!$A$2:$T$644,18,FALSE) -> Jose Sandoval | D9: =VLOOKUP(F9,'Location List'!$A$2:$T$644,9,FALSE) -> ERIC BARGAS | E9: =VLOOKUP(F9,'Location List'!$A$2:$T$644,2,FALSE) -> ROCKWALL | F9: 38 | G9: 3.03 | H9: 3.12 | I9: 2.93 | J9: 3.08 | K9: =AVERAGE(G9:J9) -> 3.04 | L9: 2.99 | M9: 3.23 | N9: 3.04 | O9: 2.99 | P9: =AVERAGE(L9:O9) -> 3.0625 | Q9: 3.13 | R9: 2.97 | T9: 3.06 | U9: 2.69 | V9: =AVERAGE(Q9:U9) -> 2.9625 | W9: 2.7 | X9: 2.91 | Y9: 2.98 | Z9: 2.97 | AA9: =AVERAGE(W9:Z9) -> 2.89 | AB9: 2.81 | AC9: 2.88 | AD9: 2.73 | AE9: 3.12 | AF9: =AVERAGE(AB9:AE9) -> 2.885 | AG9: 2.87 | AH9: 2.88 | AI9: 2.7 | AJ9: 2.74 | AK9: 2.74 | AL9: =AVERAGE(AH9:AK9) -> 2.765 | AM9: 2.97 | AN9: 2.88 | AO9: 2.86 | AP9: 2.94 | AQ9: =AVERAGE(AM9:AP9) -> 2.9125 | AR9: 2.96 | AS9: 2.81 | AT9: 2.91 | AU9: 2.97 | AV9: =AVERAGE(AR9:AU9) -> 2.9125 | AW9: 3.1 | AX9: 2.98 | AY9: 3.11 | AZ9: 2.71 | BA9: 2.86 | BB9: =AVERAGE(AW9:BA9) -> 2.952 | BC9: 2.76 | BD9: 2.85 | BE9: 2.8 | BF9: 2.91 | BG9: =AVERAGE(BC9:BF9) -> 2.83 | BH9: 3.06 | BL9: =AVERAGE(BH9:BK9) -> 3.06 | BR9: =AVERAGE(BM9:BQ9) -> #DIV/0!
A10: =VLOOKUP(F10,'Location List'!$A$2:$T$644,20,FALSE) -> Bill Eich | B10: =VLOOKUP(F10,'Location List'!$A$2:$T$644,19,FALSE) -> Dennis Morgan | C10: =VLOOKUP(F10,'Location List'!$A$2:$T$644,18,FALSE) -> Wayne Rough | D10: =VLOOKUP(F10,'Location List'!$A$2:$T$644,9,FALSE) -> HASHEM SAADAT | E10: =VLOOKUP(F10,'Location List'!$A$2:$T$644,2,FALSE) -> ALBEMARLE | F10: 39 | G10: 3.17 | H10: 2.81 | I10: 3.03 | J10: 3.03 | K10: =AVERAGE(G10:J10) -> 3.01 | L10: 2.85 | M10: 3.45 | N10: 3.05 | O10: 2.9 | P10: =AVERAGE(L10:O10) -> 3.0625 | Q10: 2.86 | R10: 2.97 | T10: 3.18 | U10: 3.01 | V10: =AVERAGE(Q10:U10) -> 3.005 | W10: 3.19 | X10: 3.59 | Y10: 3.19 | Z10: 2.89 | AA10: =AVERAGE(W10:Z10) -> 3.215 | AB10: 2.96 | AC10: 2.96 | AD10: 2.88 | AE10: 3.11 | AF10: =AVERAGE(AB10:AE10) -> 2.9775 | AG10: 3.16 | AH10: 2.99 | AI10: 3.2 | AJ10: 3.02 | AK10: 3.19 | AL10: =AVERAGE(AH10:AK10) -> 3.1 | AM10: 2.84 | AN10: 2.95 | AO10: 3.15 | AP10: 2.89 | AQ10: =AVERAGE(AM10:AP10) -> 2.9575 | AR10: 2.89 | AS10: 3.02 | AT10: 2.7 | AU10: 2.96 | AV10: =AVERAGE(AR10:AU10) -> 2.8925 | AW10: 2.78 | AX10: 3.02 | AY10: 3.36 | AZ10: 3.07 | BA10: 2.88 | BB10: =AVERAGE(AW10:BA10) -> 3.022 | BC10: 3.05 | BD10: 3.04 | BE10: 3.02 | BF10: 3.17 | BG10: =AVERAGE(BC10:BF10) -> 3.07 | BH10: 3.02 | BL10: =AVERAGE(BH10:BK10) -> 3.02 | BR10: =AVERAGE(BM10:BQ10) -> #DIV/0!
A11: =VLOOKUP(F11,'Location List'!$A$2:$T$644,20,FALSE) -> Tim Kerum | B11: =VLOOKUP(F11,'Location List'!$A$2:$T$644,19,FALSE) -> Troy Chaney | C11: =VLOOKUP(F11,'Location List'!$A$2:$T$644,18,FALSE) -> Manuel Lopez | D11: =VLOOKUP(F11,'Location List'!$A$2:$T$644,9,FALSE) -> OCTAVIO CASTANEDA | E11: =VLOOKUP(F11,'Location List'!$A$2:$T$644,2,FALSE) -> BAKERSFIELD | F11: 41 | G11: 3.09 | H11: 3.1 | I11: 3.05 | J11: 2.94 | K11: =AVERAGE(G11:J11) -> 3.045 | L11: 3.06 | M11: 3.16 | N11: 2.92 | O11: 2.97 | P11: =AVERAGE(L11:O11) -> 3.0275 | Q11: 2.91 | R11: 2.98 | T11: 3.25 | U11: 3.09 | V11: =AVERAGE(Q11:U11) -> 3.0575 | W11: 3.1 | X11: 2.97 | Y11: 3.12 | Z11: 2.95 | AA11: =AVERAGE(W11:Z11) -> 3.035 | AB11: 2.97 | AC11: 2.98 | AD11: 3.02 | AE11: 2.96 | AF11: =AVERAGE(AB11:AE11) -> 2.9825 | AG11: 3.03 | AH11: 3.15 | AI11: 3.26 | AJ11: 3.01 | AK11: 3.11 | AL11: =AVERAGE(AH11:AK11) -> 3.1325 | AM11: 3.08 | AN11: 3.04 | AO11: 2.91 | AP11: 3.31 | AQ11: =AVERAGE(AM11:AP11) -> 3.085 | AR11: 2.84 | AS11: 2.96 | AT11: 2.95 | AU11: 2.87 | AV11: =AVERAGE(AR11:AU11) -> 2.905 | AW11: 2.93 | AX11: 2.9 | AY11: 2.96 | AZ11: 2.92 | BA11: 3.05 | BB11: =AVERAGE(AW11:BA11) -> 2.952 | BC11: 2.93 | BD11: 2.99 | BE11: 3.12 | BF11: 3.08 | BG11: =AVERAGE(BC11:BF11) -> 3.03 | BH11: 2.95 | BL11: =AVERAGE(BH11:BK11) -> 2.95 | BR11: =AVERAGE(BM11:BQ11) -> #DIV/0!
A12: =VLOOKUP(F12,'Location List'!$A$2:$T$644,20,FALSE) -> Tim Kerum | B12: =VLOOKUP(F12,'Location List'!$A$2:$T$644,19,FALSE) -> Troy Chaney | C12: =VLOOKUP(F12,'Location List'!$A$2:$T$644,18,FALSE) -> Albino Ramirez | D12: =VLOOKUP(F12,'Location List'!$A$2:$T$644,9,FALSE) -> Adam Shafran | E12: =VLOOKUP(F12,'Location List'!$A$2:$T$644,2,FALSE) -> FRESNO | F12: 42 | G12: 3.28 | H12: 3.09 | I12: 3.26 | J12: 3.38 | K12: =AVERAGE(G12:J12) -> 3.2525 | L12: 3.31 | M12: 3.32 | N12: 3.23 | O12: 3.63 | P12: =AVERAGE(L12:O12) -> 3.3725 | Q12: 3.15 | R12: 3.08 | T12: 3.07 | U12: 3.32 | V12: =AVERAGE(Q12:U12) -> 3.155 | W12: 3.25 | X12: 3.11 | Y12: 3.12 | Z12: 3.16 | AA12: =AVERAGE(W12:Z12) -> 3.16 | AB12: 3.1 | AC12: 3.14 | AD12: 3.1 | AE12: 3.11 | AF12: =AVERAGE(AB12:AE12) -> 3.1125 | AG12: 3.02 | AH12: 3.02 | AI12: 3 | AJ12: 3.03 | AK12: 3.16 | AL12: =AVERAGE(AH12:AK12) -> 3.0525 | AM12: 2.98 | AN12: 3.12 | AO12: 3.2 | AP12: 3.29 | AQ12: =AVERAGE(AM12:AP12) -> 3.1475 | AR12: 3.08 | AS12: 3.1 | AT12: 3.09 | AU12: 3.02 | AV12: =AVERAGE(AR12:AU12) -> 3.0725 | AW12: 3 | AX12: 2.95 | AY12: 2.92 | AZ12: 2.93 | BA12: 2.96 | BB12: =AVERAGE(AW12:BA12) -> 2.952 | BC12: 2.9 | BD12: 3 | BE12: 2.87 | BF12: 3.01 | BG12: =AVERAGE(BC12:BF12) -> 2.945 | BH12: 2.85 | BL12: =AVERAGE(BH12:BK12) -> 2.85 | BR12: =AVERAGE(BM12:BQ12) -> #DIV/0!
A13: =VLOOKUP(F13,'Location List'!$A$2:$T$644,20,FALSE) -> Tim Kerum | B13: =VLOOKUP(F13,'Location List'!$A$2:$T$644,19,FALSE) -> Troy Chaney | C13: =VLOOKUP(F13,'Location List'!$A$2:$T$644,18,FALSE) -> Manuel Lopez | D13: =VLOOKUP(F13,'Location List'!$A$2:$T$644,9,FALSE) -> OCTAVIO CASTANEDA | E13: =VLOOKUP(F13,'Location List'!$A$2:$T$644,2,FALSE) -> VISALIA | F13: 43 | G13: 3.48 | H13: 3.23 | I13: 3.08 | J13: 3.26 | K13: =AVERAGE(G13:J13) -> 3.2625 | L13: 3.06 | M13: 3.19 | N13: 3.28 | O13: 3.06 | P13: =AVERAGE(L13:O13) -> 3.1475 | Q13: 2.86 | R13: 2.98 | T13: 3.01 | U13: 3.19 | V13: =AVERAGE(Q13:U13) -> 3.01 | W13: 3.72 | X13: 3.06 | Y13: 3.51 | Z13: 3.03 | AA13: =AVERAGE(W13:Z13) -> 3.33 | AB13: 3.4 | AC13: 3.26 | AD13: 2.69 | AE13: 3.23 | AF13: =AVERAGE(AB13:AE13) -> 3.145 | AG13: 3.36 | AH13: 3.06 | AI13: 3.3 | AJ13: 3.15 | AK13: 3.35 | AL13: =AVERAGE(AH13:AK13) -> 3.215 | AM13: 3.32 | AN13: 3.05 | AO13: 3.21 | AP13: 3.08 | AQ13: =AVERAGE(AM13:AP13) -> 3.165 | AR13: 3.07 | AS13: 3.28 | AT13: 3.11 | AU13: 2.97 | AV13: =AVERAGE(AR13:AU13) -> 3.1075 | AW13: 2.83 | AX13: 2.92 | AY13: 3.22 | AZ13: 2.93 | BA13: 3.34 | BB13: =AVERAGE(AW13:BA13) -> 3.048 | BC13: 3.2 | BD13: 2.83 | BE13: 3.07 | BF13: 3.04 | BG13: =AVERAGE(BC13:BF13) -> 3.035 | BH13: 2.96 | BL13: =AVERAGE(BH13:BK13) -> 2.96 | BR13: =AVERAGE(BM13:BQ13) -> #DIV/0!
A14: =VLOOKUP(F14,'Location List'!$A$2:$T$644,20,FALSE) -> Tim Kerum | B14: =VLOOKUP(F14,'Location List'!$A$2:$T$644,19,FALSE) -> Troy Chaney | C14: =VLOOKUP(F14,'Location List'!$A$2:$T$644,18,FALSE) | D14: =VLOOKUP(F14,'Location List'!$A$2:$T$644,9,FALSE) -> PATTY CEDILLO | E14: =VLOOKUP(F14,'Location List'!$A$2:$T$644,2,FALSE) -> OCEANSIDE | F14: 45 | G14: 3.24 | H14: 3.13 | I14: 3.03 | J14: 3.27 | K14: =AVERAGE(G14:J14) -> 3.1675 | L14: 2.77 | M14: 2.84 | N14: 3.01 | O14: 3.07 | P14: =AVERAGE(L14:O14) -> 2.9225 | Q14: 3.53 | R14: 2.9 | T14: 3.04 | U14: 2.92 | V14: =AVERAGE(Q14:U14) -> 3.0975 | W14: 3.51 | X14: 2.89 | Y14: 3.2 | Z14: 3.02 | AA14: =AVERAGE(W14:Z14) -> 3.155 | AB14: 2.87 | AC14: 2.97 | AD14: 2.82 | AE14: 2.74 | AF14: =AVERAGE(AB14:AE14) -> 2.85 | AG14: 3.29 | AH14: 2.88 | AI14: 2.89 | AJ14: 3.04 | AK14: 3.01 | AL14: =AVERAGE(AH14:AK14) -> 2.955 | AM14: 3.37 | AN14: 2.97 | AO14: 2.95 | AP14: 2.73 | AQ14: =AVERAGE(AM14:AP14) -> 3.005 | AR14: 3.01 | AS14: 3.01 | AT14: 3.05 | AU14: 2.91 | AV14: =AVERAGE(AR14:AU14) -> 2.995 | AW14: 2.89 | AX14: 2.96 | AY14: 2.83 | AZ14: 2.95 | BA14: 2.97 | BB14: =AVERAGE(AW14:BA14) -> 2.92 | BC14: 2.88 | BD14: 2.74 | BE14: 3.01 | BF14: 2.87 | BG14: =AVERAGE(BC14:BF14) -> 2.875 | BH14: 3.02 | BL14: =AVERAGE(BH14:BK14) -> 3.02 | BR14: =AVERAGE(BM14:BQ14) -> #DIV/0!
A15: =VLOOKUP(F15,'Location List'!$A$2:$T$644,20,FALSE) -> Chris Kelly | B15: =VLOOKUP(F15,'Location List'!$A$2:$T$644,19,FALSE) -> Mike Seymour | C15: =VLOOKUP(F15,'Location List'!$A$2:$T$644,18,FALSE) -> James Schwab | D15: =VLOOKUP(F15,'Location List'!$A$2:$T$644,9,FALSE) -> REGINALD DAVENPORT | E15: =VLOOKUP(F15,'Location List'!$A$2:$T$644,2,FALSE) -> SPRINGFIELD (IL) | F15: 47 | G15: 2.98 | H15: 3.05 | I15: 3.05 | J15: 3.17 | K15: =AVERAGE(G15:J15) -> 3.0625 | L15: 3.03 | M15: 3.02 | N15: 3.12 | O15: 3 | P15: =AVERAGE(L15:O15) -> 3.0425 | Q15: 2.94 | R15: 2.98 | T15: 2.91 | U15: 3.07 | V15: =AVERAGE(Q15:U15) -> 2.975 | W15: 2.94 | X15: 2.94 | Y15: 3.14 | Z15: 3.05 | AA15: =AVERAGE(W15:Z15) -> 3.0175 | AB15: 3.01 | AC15: 2.99 | AD15: 3.03 | AE15: 3.2 | AF15: =AVERAGE(AB15:AE15) -> 3.0575 | AG15: 3.15 | AH15: 3.11 | AI15: 3.07 | AJ15: 2.92 | AK15: 3.23 | AL15: =AVERAGE(AH15:AK15) -> 3.0825 | AM15: 3.04 | AN15: 3.02 | AO15: 3.09 | AP15: 3.04 | AQ15: =AVERAGE(AM15:AP15) -> 3.0475 | AR15: 2.98 | AS15: 3.18 | AT15: 3.03 | AU15: 3.08 | AV15: =AVERAGE(AR15:AU15) -> 3.0675 | AW15: 3.11 | AX15: 2.93 | AY15: 2.76 | AZ15: 2.68 | BA15: 2.98 | BB15: =AVERAGE(AW15:BA15) -> 2.892 | BC15: 2.93 | BD15: 2.96 | BE15: 3 | BF15: 3.16 | BG15: =AVERAGE(BC15:BF15) -> 3.0125 | BH15: 3.14 | BL15: =AVERAGE(BH15:BK15) -> 3.14 | BR15: =AVERAGE(BM15:BQ15) -> #DIV/0!
A16: =VLOOKUP(F16,'Location List'!$A$2:$T$644,20,FALSE) -> Bill Eich | B16: =VLOOKUP(F16,'Location List'!$A$2:$T$644,19,FALSE) -> Dennis Morgan | C16: =VLOOKUP(F16,'Location List'!$A$2:$T$644,18,FALSE) -> Richard Boykin | D16: =VLOOKUP(F16,'Location List'!$A$2:$T$644,9,FALSE) -> BRIAN PITRE | E16: =VLOOKUP(F16,'Location List'!$A$2:$T$644,2,FALSE) -> ALEXANDRIA | F16: 48 | G16: 2.92 | H16: 2.95 | I16: 2.94 | J16: 2.87 | K16: =AVERAGE(G16:J16) -> 2.92 | L16: 2.83 | M16: 3.06 | N16: 3.06 | O16: 2.93 | P16: =AVERAGE(L16:O16) -> 2.97 | Q16: 2.8 | R16: 3.08 | T16: 3.41 | U16: 3.12 | V16: =AVERAGE(Q16:U16) -> 3.1025 | W16: 3.05 | X16: 3.05 | Y16: 3.17 | Z16: 3.14 | AA16: =AVERAGE(W16:Z16) -> 3.1025 | AB16: 2.97 | AC16: 2.86 | AD16: 2.91 | AE16: 2.96 | AF16: =AVERAGE(AB16:AE16) -> 2.925 | AG16: 3.06 | AH16: 2.99 | AI16: 2.85 | AJ16: 2.82 | AK16: 3.17 | AL16: =AVERAGE(AH16:AK16) -> 2.9575 | AM16: 2.96 | AN16: 2.89 | AO16: 3.12 | AP16: 2.92 | AQ16: =AVERAGE(AM16:AP16) -> 2.9725 | AR16: 2.97 | AS16: 3.25 | AT16: 3.17 | AU16: 2.92 | AV16: =AVERAGE(AR16:AU16) -> 3.0775 | AW16: 3.12 | AX16: 2.97 | AY16: 3.03 | AZ16: 2.83 | BA16: 3.2 | BB16: =AVERAGE(AW16:BA16) -> 3.03 | BC16: 2.86 | BD16: 2.87 | BE16: 3.14 | BF16: 2.92 | BG16: =AVERAGE(BC16:BF16) -> 2.9475 | BH16: 2.91 | BL16: =AVERAGE(BH16:BK16) -> 2.91 | BR16: =AVERAGE(BM16:BQ16) -> #DIV/0!
... A376: =VLOOKUP(F376,'Location List'!$A$2:$T$644,20,FALSE) -> Chris Kelly | B376: =VLOOKUP(F376,'Location List'!$A$2:$T$644,19,FALSE) -> Mike Seymour | C376: =VLOOKUP(F376,'Location List'!$A$2:$T$644,18,FALSE) -> Scott Whitsel | D376: =VLOOKUP(F376,'Location List'!$A$2:$T$644,9,FALSE) -> MICHAEL SVOBODA | E376: =VLOOKUP(F376,'Location List'!$A$2:$T$644,2,FALSE) -> TOWNSON | F376: 775 | G376: 3.06 | H376: 2.91 | I376: 2.91 | J376: 3.01 | K376: =AVERAGE(G376:J376) -> 2.9725 | L376: 2.98 | M376: 3.08 | N376: 2.95 | O376: 2.88 | P376: =AVERAGE(L376:O376) -> 2.9725 | Q376: 2.85 | R376: 2.88 | T376: 2.91 | U376: 2.84 | V376: =AVERAGE(Q376:U376) -> 2.87 | W376: 2.9 | X376: 2.92 | Y376: 2.97 | Z376: 2.94 | AA376: =AVERAGE(W376:Z376) -> 2.9325 | AB376: 3 | AC376: 2.96 | AD376: 2.96 | AE376: 2.88 | AF376: =AVERAGE(AB376:AE376) -> 2.95 | AG376: 3.01 | AH376: 2.98 | AI376: 2.96 | AJ376: 3.08 | AK376: 3.06 | AL376: =AVERAGE(AH376:AK376) -> 3.02 | AM376: 3.22 | AN376: 4.19 | AO376: 4.56 | AP376: 3.58 | AQ376: =AVERAGE(AM376:AP376) -> 3.8875 | AR376: 3.08 | AS376: 3.2 | AT376: 3.43 | AU376: 3.28 | AV376: =AVERAGE(AR376:AU376) -> 3.2475 | AW376: 2.94 | AX376: 2.94 | AY376: 2.69 | AZ376: 2.82 | BA376: 3.06 | BB376: =AVERAGE(AW376:BA376) -> 2.89 | BC376: 2.9 | BD376: 2.9 | BE376: 2.92 | BF376: 2.89 | BG376: =AVERAGE(BC376:BF376) -> 2.9025 | BH376: 2.84 | BL376: =AVERAGE(BH376:BK376) -> 2.84 | BR376: =AVERAGE(BM376:BQ376) -> #DIV/0!
A377: =VLOOKUP(F377,'Location List'!$A$2:$T$644,20,FALSE) -> Bill Eich | B377: =VLOOKUP(F377,'Location List'!$A$2:$T$644,19,FALSE) -> Mike Seymour | C377: =VLOOKUP(F377,'Location List'!$A$2:$T$644,18,FALSE) -> Brian Osborne | D377: =VLOOKUP(F377,'Location List'!$A$2:$T$644,9,FALSE) -> PETER PANUNZI | E377: =VLOOKUP(F377,'Location List'!$A$2:$T$644,2,FALSE) -> Port Orange | F377: 776 | K377: =AVERAGE(G377:J377) -> #DIV/0! | P377: =AVERAGE(L377:O377) -> #DIV/0! | T377: 3.36 | U377: 3.6 | V377: =AVERAGE(Q377:U377) -> 3.48 | W377: 3.53 | X377: 3.37 | Y377: 3.11 | Z377: 3.38 | AA377: =AVERAGE(W377:Z377) -> 3.3475 | AB377: 3.34 | AC377: 3.55 | AD377: 3.34 | AE377: 3.39 | AF377: =AVERAGE(AB377:AE377) -> 3.405 | AG377: 3.43 | AH377: 3.69 | AI377: 3.66 | AJ377: 3.59 | AK377: 3.7 | AL377: =AVERAGE(AH377:AK377) -> 3.66 | AM377: 3.57 | AN377: 3.8 | AO377: 3.14 | AP377: 3 | AQ377: =AVERAGE(AM377:AP377) -> 3.3775 | AR377: 2.98 | AS377: 3.26 | AT377: 3.19 | AU377: 3.4 | AV377: =AVERAGE(AR377:AU377) -> 3.2075 | AW377: 3.14 | AX377: 2.91 | AY377: 2.98 | AZ377: 2.9 | BA377: 3.07 | BB377: =AVERAGE(AW377:BA377) -> 3 | BC377: 2.73 | BD377: 3.02 | BE377: 2.92 | BF377: 3.03 | BG377: =AVERAGE(BC377:BF377) -> 2.925 | BH377: 3.01 | BL377: =AVERAGE(BH377:BK377) -> 3.01 | BR377: =AVERAGE(BM377:BQ377) -> #DIV/0!
A378: =VLOOKUP(F378,'Location List'!$A$2:$T$644,20,FALSE) -> Bill Eich | B378: =VLOOKUP(F378,'Location List'!$A$2:$T$644,19,FALSE) -> Mike Seymour | C378: =VLOOKUP(F378,'Location List'!$A$2:$T$644,18,FALSE) -> Brian Osborne | D378: =VLOOKUP(F378,'Location List'!$A$2:$T$644,9,FALSE) -> PETER PANUNZI | E378: =VLOOKUP(F378,'Location List'!$A$2:$T$644,2,FALSE) -> WEST PALM BEACH | F378: 777 | G378: 3.6 | H378: 3.65 | I378: 3.06 | J378: 3.07 | K378: =AVERAGE(G378:J378) -> 3.345 | L378: 3.03 | M378: 3.09 | N378: 3.27 | O378: 3.03 | P378: =AVERAGE(L378:O378) -> 3.105 | Q378: 3.07 | R378: 2.99 | T378: 3.03 | U378: 3.08 | V378: =AVERAGE(Q378:U378) -> 3.0425 | W378: 3.23 | X378: 2.97 | Y378: 3.03 | Z378: 3.03 | AA378: =AVERAGE(W378:Z378) -> 3.065 | AB378: 3.08 | AC378: 3.03 | AD378: 3.11 | AE378: 3.01 | AF378: =AVERAGE(AB378:AE378) -> 3.0575 | AG378: 3.08 | AH378: 3.08 | AI378: 3.21 | AJ378: 3.13 | AK378: 2.92 | AL378: =AVERAGE(AH378:AK378) -> 3.085 | AM378: 2.95 | AN378: 3.19 | AO378: 2.99 | AP378: 3.01 | AQ378: =AVERAGE(AM378:AP378) -> 3.035 | AR378: 3.05 | AS378: 2.89 | AT378: 3.07 | AU378: 2.92 | AV378: =AVERAGE(AR378:AU378) -> 2.9825 | AW378: 3.06 | AX378: 2.91 | AY378: 2.96 | AZ378: 3.14 | BA378: 3.07 | BB378: =AVERAGE(AW378:BA378) -> 3.028 | BC378: 2.96 | BD378: 3.01 | BE378: 2.91 | BF378: 3.08 | BG378: =AVERAGE(BC378:BF378) -> 2.99 | BH378: 3.01 | BL378: =AVERAGE(BH378:BK378) -> 3.01 | BR378: =AVERAGE(BM378:BQ378) -> #DIV/0!
A379: =VLOOKUP(F379,'Location List'!$A$2:$T$644,20,FALSE) -> Bill Eich | B379: =VLOOKUP(F379,'Location List'!$A$2:$T$644,19,FALSE) -> Mike Seymour | C379: =VLOOKUP(F379,'Location List'!$A$2:$T$644,18,FALSE) -> Aldo Castaneda | D379: =VLOOKUP(F379,'Location List'!$A$2:$T$644,9,FALSE) -> PETER PANUNZI | E379: =VLOOKUP(F379,'Location List'!$A$2:$T$644,2,FALSE) -> NAPLES | F379: 778 | G379: 3.26 | H379: 3.06 | I379: 3.07 | J379: 3.16 | K379: =AVERAGE(G379:J379) -> 3.1375 | L379: 2.95 | M379: 3 | N379: 2.94 | O379: 2.9 | P379: =AVERAGE(L379:O379) -> 2.9475 | Q379: 2.8 | R379: 2.77 | T379: 2.86 | U379: 2.86 | V379: =AVERAGE(Q379:U379) -> 2.8225 | W379: 3.03 | X379: 3.12 | Y379: 3.09 | Z379: 2.89 | AA379: =AVERAGE(W379:Z379) -> 3.0325 | AB379: 2.93 | AC379: 3.05 | AD379: 3.1 | AE379: 3.14 | AF379: =AVERAGE(AB379:AE379) -> 3.055 | AG379: 3.34 | AH379: 3.26 | AI379: 3.29 | AJ379: 3.49 | AK379: 3.59 | AL379: =AVERAGE(AH379:AK379) -> 3.4075 | AM379: 3.86 | AN379: 3.32 | AO379: 2.86 | AP379: 2.85 | AQ379: =AVERAGE(AM379:AP379) -> 3.2225 | AR379: 2.84 | AS379: 2.84 | AT379: 3.03 | AU379: 3 | AV379: =AVERAGE(AR379:AU379) -> 2.9275 | AW379: 2.97 | AX379: 3.03 | AY379: 2.99 | AZ379: 3.02 | BA379: 2.98 | BB379: =AVERAGE(AW379:BA379) -> 2.998 | BC379: 2.94 | BD379: 3.02 | BE379: 2.92 | BF379: 2.87 | BG379: =AVERAGE(BC379:BF379) -> 2.9375 | BH379: 3.01 | BL379: =AVERAGE(BH379:BK379) -> 3.01 | BR379: =AVERAGE(BM379:BQ379) -> #DIV/0!
A380: =VLOOKUP(F380,'Location List'!$A$2:$T$644,20,FALSE) -> Bill Eich | B380: =VLOOKUP(F380,'Location List'!$A$2:$T$644,19,FALSE) -> Mike Seymour | C380: =VLOOKUP(F380,'Location List'!$A$2:$T$644,18,FALSE) -> George Snow | D380: =VLOOKUP(F380,'Location List'!$A$2:$T$644,9,FALSE) -> SENECA GRAY | E380: =VLOOKUP(F380,'Location List'!$A$2:$T$644,2,FALSE) -> NEW TAMPA | F380: 779 | G380: 3.09 | H380: 3.02 | I380: 2.96 | J380: 2.87 | K380: =AVERAGE(G380:J380) -> 2.985 | L380: 3.07 | M380: 2.96 | N380: 2.97 | O380: 3 | P380: =AVERAGE(L380:O380) -> 3 | Q380: 3.04 | R380: 3.08 | T380: 3.24 | U380: 2.93 | V380: =AVERAGE(Q380:U380) -> 3.0725 | W380: 2.98 | X380: 3.1 | Y380: 3.31 | Z380: 3.12 | AA380: =AVERAGE(W380:Z380) -> 3.1275 | AB380: 2.85 | AC380: 3.03 | AD380: 3.14 | AE380: 2.98 | AF380: =AVERAGE(AB380:AE380) -> 3 | AG380: 2.97 | AH380: 2.96 | AI380: 3.23 | AJ380: 3.24 | AK380: 2.99 | AL380: =AVERAGE(AH380:AK380) -> 3.105 | AM380: 3.05 | AN380: 3.04 | AO380: 3.02 | AP380: 3.03 | AQ380: =AVERAGE(AM380:AP380) -> 3.035 | AR380: 3.18 | AS380: 4.01 | AT380: 3.74 | AU380: 3.19 | AV380: =AVERAGE(AR380:AU380) -> 3.53 | AW380: 3.19 | AX380: 2.91 | AY380: 3.19 | AZ380: 3.41 | BA380: 3.46 | BB380: =AVERAGE(AW380:BA380) -> 3.232 | BC380: 3.07 | BD380: 3.36 | BE380: 3.12 | BF380: 3.27 | BG380: =AVERAGE(BC380:BF380) -> 3.205 | BH380: 3.18 | BL380: =AVERAGE(BH380:BK380) -> 3.18 | BR380: =AVERAGE(BM380:BQ380) -> #DIV/0!
A381: =VLOOKUP(F381,'Location List'!$A$2:$T$644,20,FALSE) -> Bill Eich | B381: =VLOOKUP(F381,'Location List'!$A$2:$T$644,19,FALSE) -> Mike Seymour | C381: =VLOOKUP(F381,'Location List'!$A$2:$T$644,18,FALSE) -> George Snow | D381: =VLOOKUP(F381,'Location List'!$A$2:$T$644,9,FALSE) -> SENECA GRAY | E381: =VLOOKUP(F381,'Location List'!$A$2:$T$644,2,FALSE) -> OCALA | F381: 780 | G381: 3.11 | H381: 2.88 | I381: 3 | J381: 3 | K381: =AVERAGE(G381:J381) -> 2.9975 | L381: 3.56 | M381: 3.42 | N381: 3.05 | O381: 3 | P381: =AVERAGE(L381:O381) -> 3.2575 | Q381: 3 | R381: 3.03 | T381: 3.05 | U381: 2.96 | V381: =AVERAGE(Q381:U381) -> 3.01 | W381: 2.94 | X381: 2.96 | Y381: 3.02 | Z381: 3.18 | AA381: =AVERAGE(W381:Z381) -> 3.025 | AB381: 3.1 | AC381: 3.15 | AD381: 3.07 | AE381: 2.91 | AF381: =AVERAGE(AB381:AE381) -> 3.0575 | AG381: 3.02 | AH381: 3 | AI381: 2.98 | AJ381: 2.8 | AK381: 3.05 | AL381: =AVERAGE(AH381:AK381) -> 2.9575 | AM381: 3.09 | AN381: 3.22 | AO381: 3.09 | AP381: 3.01 | AQ381: =AVERAGE(AM381:AP381) -> 3.1025 | AR381: 2.94 | AS381: 2.94 | AT381: 2.87 | AU381: 3.06 | AV381: =AVERAGE(AR381:AU381) -> 2.9525 | AW381: 3.06 | AX381: 3.05 | AY381: 2.78 | AZ381: 2.86 | BA381: 2.97 | BB381: =AVERAGE(AW381:BA381) -> 2.944 | BC381: 2.9 | BD381: 2.91 | BE381: 3.05 | BF381: 2.96 | BG381: =AVERAGE(BC381:BF381) -> 2.955 | BH381: 3 | BL381: =AVERAGE(BH381:BK381) -> 3 | BR381: =AVERAGE(BM381:BQ381) -> #DIV/0!
A382: =VLOOKUP(F382,'Location List'!$A$2:$T$644,20,FALSE) -> Bill Eich | B382: =VLOOKUP(F382,'Location List'!$A$2:$T$644,19,FALSE) -> Mike Seymour | C382: =VLOOKUP(F382,'Location List'!$A$2:$T$644,18,FALSE) -> Brian Osborne | D382: =VLOOKUP(F382,'Location List'!$A$2:$T$644,9,FALSE) -> PETER PANUNZI | E382: =VLOOKUP(F382,'Location List'!$A$2:$T$644,2,FALSE) -> BOYNTON BEACH | F382: 781 | G382: 4.06 | H382: 3.66 | I382: 3.16 | J382: 3.38 | K382: =AVERAGE(G382:J382) -> 3.565 | L382: 3.09 | M382: 3.3 | N382: 3.35 | O382: 3.19 | P382: =AVERAGE(L382:O382) -> 3.2325 | Q382: 2.87 | R382: 3.15 | T382: 3.26 | U382: 3.28 | V382: =AVERAGE(Q382:U382) -> 3.14 | W382: 3.39 | X382: 3.5 | Y382: 3.25 | Z382: 3.35 | AA382: =AVERAGE(W382:Z382) -> 3.3725 | AB382: 4.58 | AC382: 2.83 | AD382: 3.18 | AE382: 3.01 | AF382: =AVERAGE(AB382:AE382) -> 3.4 | AG382: 2.97 | AH382: 3.27 | AI382: 3.12 | AJ382: 3.45 | AK382: 3.39 | AL382: =AVERAGE(AH382:AK382) -> 3.3075 | AM382: 3.24 | AN382: 2.97 | AO382: 3.3 | AP382: 3.17 | AQ382: =AVERAGE(AM382:AP382) -> 3.17 | AR382: 3.27 | AS382: 3.3 | AT382: 3.22 | AU382: 3.43 | AV382: =AVERAGE(AR382:AU382) -> 3.305 | AW382: 3.73 | AX382: 3.1 | AY382: 3 | AZ382: 3.1 | BA382: 3.49 | BB382: =AVERAGE(AW382:BA382) -> 3.284 | BC382: 3.07 | BD382: 3.07 | BE382: 3.24 | BF382: 3.3 | BG382: =AVERAGE(BC382:BF382) -> 3.17 | BH382: 3.1 | BL382: =AVERAGE(BH382:BK382) -> 3.1 | BR382: =AVERAGE(BM382:BQ382) -> #DIV/0!
A383: =VLOOKUP(F383,'Location List'!$A$2:$T$644,20,FALSE) -> Bill Eich | B383: =VLOOKUP(F383,'Location List'!$A$2:$T$644,19,FALSE) -> Mike Seymour | C383: =VLOOKUP(F383,'Location List'!$A$2:$T$644,18,FALSE) -> Aldo Castaneda | D383: =VLOOKUP(F383,'Location List'!$A$2:$T$644,9,FALSE) -> PETER PANUNZI | E383: =VLOOKUP(F383,'Location List'!$A$2:$T$644,2,FALSE) -> FORT MYERS | F383: 782 | G383: 3.24 | H383: 3.16 | I383: 3.2 | J383: 3.18 | K383: =AVERAGE(G383:J383) -> 3.195 | L383: 3.01 | M383: 2.98 | N383: 3.13 | O383: 3.25 | P383: =AVERAGE(L383:O383) -> 3.0925 | Q383: 3.01 | R383: 3.11 | T383: 3.1 | U383: 3.31 | V383: =AVERAGE(Q383:U383) -> 3.1325 | W383: 3.39 | X383: 4.77 | Y383: 3.27 | Z383: 3.09 | AA383: =AVERAGE(W383:Z383) -> 3.63 | AB383: 3.23 | AC383: 3.74 | AD383: 3.23 | AE383: 3.32 | AF383: =AVERAGE(AB383:AE383) -> 3.38 | AG383: 3.38 | AH383: 3.11 | AI383: 3.22 | AJ383: 3.08 | AK383: 3.18 | AL383: =AVERAGE(AH383:AK383) -> 3.1475 | AM383: 3.17 | AN383: 3.23 | AO383: 3.68 | AP383: 3.31 | AQ383: =AVERAGE(AM383:AP383) -> 3.3475 | AR383: 3.12 | AS383: 3.34 | AT383: 3.21 | AU383: 3.33 | AV383: =AVERAGE(AR383:AU383) -> 3.25 | AW383: 3.71 | AX383: 3.73 | AY383: 3.35 | AZ383: 3.13 | BA383: 3.46 | BB383: =AVERAGE(AW383:BA383) -> 3.476 | BC383: 3.19 | BD383: 3.22 | BE383: 3.46 | BF383: 3.32 | BG383: =AVERAGE(BC383:BF383) -> 3.2975 | BH383: 3.47 | BL383: =AVERAGE(BH383:BK383) -> 3.47 | BR383: =AVERAGE(BM383:BQ383) -> #DIV/0!
A384: =VLOOKUP(F384,'Location List'!$A$2:$T$644,20,FALSE) -> Tim Kerum | B384: =VLOOKUP(F384,'Location List'!$A$2:$T$644,19,FALSE) -> Mike Seymour | C384: =VLOOKUP(F384,'Location List'!$A$2:$T$644,18,FALSE) -> Albino Ramirez | D384: =VLOOKUP(F384,'Location List'!$A$2:$T$644,9,FALSE) -> Adam Shafran | E384: =VLOOKUP(F384,'Location List'!$A$2:$T$644,2,FALSE) -> BRENTWOOD | F384: 783 | G384: 2.88 | H384: 2.86 | I384: 2.76 | J384: 2.91 | K384: =AVERAGE(G384:J384) -> 2.8525 | L384: 2.98 | M384: 2.77 | N384: 2.92 | O384: 2.93 | P384: =AVERAGE(L384:O384) -> 2.9 | Q384: 3.07 | R384: 3.06 | T384: 2.9 | U384: 3.07 | V384: =AVERAGE(Q384:U384) -> 3.025 | W384: 3.04 | X384: 3.01 | Y384: 3.07 | Z384: 3.04 | AA384: =AVERAGE(W384:Z384) -> 3.04 | AB384: 3.26 | AC384: 3.32 | AD384: 3.09 | AE384: 3.1 | AF384: =AVERAGE(AB384:AE384) -> 3.1925 | AG384: 2.94 | AH384: 3 | AI384: 3.13 | AJ384: 3.1 | AK384: 3.18 | AL384: =AVERAGE(AH384:AK384) -> 3.1025 | AM384: 3.2 | AN384: 3.04 | AO384: 3.01 | AP384: 3.33 | AQ384: =AVERAGE(AM384:AP384) -> 3.145 | AR384: 3.43 | AS384: 3.13 | AT384: 2.97 | AU384: 2.88 | AV384: =AVERAGE(AR384:AU384) -> 3.1025 | AW384: 2.93 | AX384: 2.99 | AY384: 2.97 | AZ384: 2.78 | BA384: 3 | BB384: =AVERAGE(AW384:BA384) -> 2.934 | BC384: 2.78 | BD384: 3.12 | BE384: 2.76 | BF384: 2.87 | BG384: =AVERAGE(BC384:BF384) -> 2.8825 | BH384: 2.84 | BL384: =AVERAGE(BH384:BK384) -> 2.84 | BR384: =AVERAGE(BM384:BQ384) -> #DIV/0!
A385: =VLOOKUP(F385,'Location List'!$A$2:$T$644,20,FALSE) -> Tim Kerum | B385: =VLOOKUP(F385,'Location List'!$A$2:$T$644,19,FALSE) -> Mike Seymour | C385: =VLOOKUP(F385,'Location List'!$A$2:$T$644,18,FALSE) -> Luis Torres | D385: =VLOOKUP(F385,'Location List'!$A$2:$T$644,9,FALSE) -> ARSHAD KHAN | E385: =VLOOKUP(F385,'Location List'!$A$2:$T$644,2,FALSE) -> ORANGE | F385: 785 | G385: 3.09 | H385: 3.06 | I385: 3 | J385: 2.94 | K385: =AVERAGE(G385:J385) -> 3.0225 | L385: 3.1 | M385: 3.04 | N385: 3.1 | O385: 3.22 | P385: =AVERAGE(L385:O385) -> 3.115 | Q385: 2.98 | R385: 3.03 | T385: 3.07 | U385: 3.1 | V385: =AVERAGE(Q385:U385) -> 3.045 | W385: 3.28 | X385: 3.31 | Y385: 3.28 | Z385: 2.81 | AA385: =AVERAGE(W385:Z385) -> 3.17 | AB385: 2.83 | AC385: 2.91 | AD385: 2.65 | AE385: 2.83 | AF385: =AVERAGE(AB385:AE385) -> 2.805 | AG385: 2.99 | AH385: 2.61 | AI385: 2.82 | AJ385: 2.7 | AK385: 2.98 | AL385: =AVERAGE(AH385:AK385) -> 2.7775 | AM385: 3.18 | AN385: 3.09 | AO385: 3.11 | AP385: 3.11 | AQ385: =AVERAGE(AM385:AP385) -> 3.1225 | AR385: 3.32 | AS385: 3.22 | AT385: 3.83 | AU385: 3.02 | AV385: =AVERAGE(AR385:AU385) -> 3.3475 | AW385: 3.17 | AX385: 3.29 | AY385: 2.94 | AZ385: 2.85 | BA385: 2.83 | BB385: =AVERAGE(AW385:BA385) -> 3.016 | BC385: 3.07 | BD385: 2.92 | BE385: 3.14 | BF385: 2.9 | BG385: =AVERAGE(BC385:BF385) -> 3.0075 | BH385: 2.95 | BL385: =AVERAGE(BH385:BK385) -> 2.95 | BR385: =AVERAGE(BM385:BQ385) -> #DIV/0!
A386: =VLOOKUP(F386,'Location List'!$A$2:$T$644,20,FALSE) -> Tim Kerum | B386: =VLOOKUP(F386,'Location List'!$A$2:$T$644,19,FALSE) -> Mike Seymour | C386: =VLOOKUP(F386,'Location List'!$A$2:$T$644,18,FALSE) -> Austin Manzo | D386: =VLOOKUP(F386,'Location List'!$A$2:$T$644,9,FALSE) -> YURI PENA | E386: =VLOOKUP(F386,'Location List'!$A$2:$T$644,2,FALSE) -> CUPERTINO | F386: 786 | G386: 2.97 | H386: 3.03 | I386: 3.09 | J386: 2.9 | K386: =AVERAGE(G386:J386) -> 2.9975 | L386: 3.04 | M386: 3.01 | N386: 3.46 | O386: 3 | P386: =AVERAGE(L386:O386) -> 3.1275 | Q386: 2.99 | R386: 2.81 | T386: 2.99 | U386: 2.87 | V386: =AVERAGE(Q386:U386) -> 2.915 | W386: 3.03 | X386: 2.87 | Y386: 3.14 | Z386: 3.1 | AA386: =AVERAGE(W386:Z386) -> 3.035 | AB386: 2.86 | AC386: 2.58 | AD386: 3.03 | AE386: 2.94 | AF386: =AVERAGE(AB386:AE386) -> 2.8525 | AG386: 3.01 | AH386: 2.86 | AI386: 3.04 | AJ386: 3.05 | AK386: 3.11 | AL386: =AVERAGE(AH386:AK386) -> 3.015 | AM386: 3.4 | AN386: 3.19 | AO386: 3.29 | AP386: 3 | AQ386: =AVERAGE(AM386:AP386) -> 3.22 | AR386: 2.98 | AS386: 3.15 | AT386: 2.89 | AU386: 3.14 | AV386: =AVERAGE(AR386:AU386) -> 3.04 | AW386: 3.19 | AX386: 3.05 | AY386: 3.21 | AZ386: 2.9 | BA386: 2.91 | BB386: =AVERAGE(AW386:BA386) -> 3.052 | BC386: 3 | BD386: 3.03 | BE386: 2.89 | BF386: 2.77 | BG386: =AVERAGE(BC386:BF386) -> 2.9225 | BH386: 3.1 | BL386: =AVERAGE(BH386:BK386) -> 3.1 | BR386: =AVERAGE(BM386:BQ386) -> #DIV/0!
A387: =VLOOKUP(F387,'Location List'!$A$2:$T$644,20,FALSE) -> Tim Kerum | B387: =VLOOKUP(F387,'Location List'!$A$2:$T$644,19,FALSE) -> Mike Seymour | C387: =VLOOKUP(F387,'Location List'!$A$2:$T$644,18,FALSE) -> Luis Torres | D387: =VLOOKUP(F387,'Location List'!$A$2:$T$644,9,FALSE) -> ARSHAD KHAN | E387: =VLOOKUP(F387,'Location List'!$A$2:$T$644,2,FALSE) -> WALNUT PARK | F387: 787 | G387: 3.14 | H387: 2.98 | I387: 3.17 | J387: 2.96 | K387: =AVERAGE(G387:J387) -> 3.0625 | L387: 2.79 | M387: 2.85 | N387: 3.21 | O387: 3.19 | P387: =AVERAGE(L387:O387) -> 3.01 | Q387: 3.11 | R387: 3.13 | T387: 3.03 | U387: 3.11 | V387: =AVERAGE(Q387:U387) -> 3.095 | W387: 3.03 | X387: 3.09 | Y387: 3.18 | Z387: 3.1 | AA387: =AVERAGE(W387:Z387) -> 3.1 | AB387: 3.18 | AC387: 3.25 | AD387: 3.01 | AE387: 2.89 | AF387: =AVERAGE(AB387:AE387) -> 3.0825 | AG387: 2.93 | AH387: 3.09 | AI387: 3.09 | AJ387: 3.12 | AK387: 3.21 | AL387: =AVERAGE(AH387:AK387) -> 3.1275 | AM387: 3.62 | AN387: 3.35 | AO387: 3.27 | AP387: 2.91 | AQ387: =AVERAGE(AM387:AP387) -> 3.2875 | AR387: 3.07 | AS387: 2.9 | AT387: 2.96 | AU387: 2.93 | AV387: =AVERAGE(AR387:AU387) -> 2.965 | AW387: 3.05 | AX387: 3.15 | AY387: 2.84 | AZ387: 2.86 | BA387: 3.01 | BB387: =AVERAGE(AW387:BA387) -> 2.982 | BC387: 2.86 | BD387: 2.93 | BE387: 3 | BF387: 3 | BG387: =AVERAGE(BC387:BF387) -> 2.9475 | BH387: 3.03 | BL387: =AVERAGE(BH387:BK387) -> 3.03 | BR387: =AVERAGE(BM387:BQ387) -> #DIV/0!
A388: =VLOOKUP(F388,'Location List'!$A$2:$T$644,20,FALSE) -> Tim Kerum | B388: =VLOOKUP(F388,'Location List'!$A$2:$T$644,19,FALSE) -> Mike Seymour | C388: =VLOOKUP(F388,'Location List'!$A$2:$T$644,18,FALSE) | D388: =VLOOKUP(F388,'Location List'!$A$2:$T$644,9,FALSE) -> PATTY CEDILLO | E388: =VLOOKUP(F388,'Location List'!$A$2:$T$644,2,FALSE) -> ESCONDIDO | F388: 788 | G388: 2.98 | H388: 2.93 | I388: 2.68 | J388: 2.71 | K388: =AVERAGE(G388:J388) -> 2.825 | L388: 2.76 | M388: 2.8 | N388: 2.71 | O388: 2.89 | P388: =AVERAGE(L388:O388) -> 2.79 | Q388: 3.09 | R388: 2.88 | T388: 2.96 | U388: 2.75 | V388: =AVERAGE(Q388:U388) -> 2.92 | W388: 3.33 | X388: 3.53 | Y388: 4.04 | Z388: 2.98 | AA388: =AVERAGE(W388:Z388) -> 3.47 | AB388: 2.75 | AC388: 2.73 | AD388: 3.57 | AE388: 3.37 | AF388: =AVERAGE(AB388:AE388) -> 3.105 | AG388: 3.27 | AH388: 3.05 | AI388: 2.98 | AJ388: 2.99 | AK388: 2.83 | AL388: =AVERAGE(AH388:AK388) -> 2.9625 | AM388: 3.12 | AN388: 3.28 | AO388: 3.07 | AP388: 3.08 | AQ388: =AVERAGE(AM388:AP388) -> 3.1375 | AR388: 3.21 | AS388: 3.04 | AT388: 2.93 | AU388: 2.89 | AV388: =AVERAGE(AR388:AU388) -> 3.0175 | AW388: 3.2 | AX388: 2.96 | AY388: 2.82 | AZ388: 2.96 | BA388: 2.97 | BB388: =AVERAGE(AW388:BA388) -> 2.982 | BC388: 2.91 | BD388: 2.87 | BE388: 2.94 | BF388: 3.08 | BG388: =AVERAGE(BC388:BF388) -> 2.95 | BH388: 3.1 | BL388: =AVERAGE(BH388:BK388) -> 3.1 | BR388: =AVERAGE(BM388:BQ388) -> #DIV/0!
A389: =VLOOKUP(F389,'Location List'!$A$2:$T$644,20,FALSE) -> Bill Eich | B389: =VLOOKUP(F389,'Location List'!$A$2:$T$644,19,FALSE) -> Mike Seymour | C389: =VLOOKUP(F389,'Location List'!$A$2:$T$644,18,FALSE) -> Brian Osborne | D389: =VLOOKUP(F389,'Location List'!$A$2:$T$644,9,FALSE) -> PETER PANUNZI | E389: =VLOOKUP(F389,'Location List'!$A$2:$T$644,2,FALSE) -> POMPANO BEACH | F389: 789 | G389: 3.54 | H389: 4.23 | I389: 2.91 | J389: 3 | K389: =AVERAGE(G389:J389) -> 3.42 | L389: 3.27 | M389: 3.02 | N389: 3 | O389: 3.19 | P389: =AVERAGE(L389:O389) -> 3.12 | Q389: 2.94 | R389: 3.08 | T389: 3.18 | U389: 3.07 | V389: =AVERAGE(Q389:U389) -> 3.0675 | W389: 3.29 | X389: 2.91 | Y389: 3 | Z389: 3.22 | AA389: =AVERAGE(W389:Z389) -> 3.105 | AB389: 2.83 | AC389: 3.96 | AD389: 3.87 | AE389: 3.12 | AF389: =AVERAGE(AB389:AE389) -> 3.445 | AG389: 2.91 | AH389: 2.98 | AI389: 3.01 | AJ389: 2.92 | AK389: 3.41 | AL389: =AVERAGE(AH389:AK389) -> 3.08 | AM389: 3.39 | AN389: 3.37 | AO389: 3.26 | AP389: 3.19 | AQ389: =AVERAGE(AM389:AP389) -> 3.3025 | AR389: 2.99 | AS389: 2.94 | AT389: 2.92 | AU389: 3.12 | AV389: =AVERAGE(AR389:AU389) -> 2.9925 | AW389: 3.19 | AX389: 3.2 | AY389: 3.07 | AZ389: 3.19 | BA389: 3.05 | BB389: =AVERAGE(AW389:BA389) -> 3.14 | BC389: 3.52 | BD389: 2.95 | BE389: 3.02 | BF389: 2.85 | BG389: =AVERAGE(BC389:BF389) -> 3.085 | BH389: 2.84 | BL389: =AVERAGE(BH389:BK389) -> 2.84 | BR389: =AVERAGE(BM389:BQ389) -> #DIV/0!
... A464: =VLOOKUP(F464,'Location List'!$A$2:$T$644,20,FALSE) -> Chris Kelly | B464: =VLOOKUP(F464,'Location List'!$A$2:$T$644,19,FALSE) -> Chris Parenti | C464: =VLOOKUP(F464,'Location List'!$A$2:$T$644,18,FALSE) -> Robert Lane | D464: =VLOOKUP(F464,'Location List'!$A$2:$T$644,9,FALSE) -> SUSAN JENSEN | E464: =VLOOKUP(F464,'Location List'!$A$2:$T$644,2,FALSE) -> ROANOKE | F464: 972 | G464: 2.95 | H464: 3 | I464: 2.98 | J464: 2.86 | K464: =AVERAGE(G464:J464) -> 2.9475 | L464: 3.26 | M464: 3.07 | N464: 3.04 | O464: 3.07 | P464: =AVERAGE(L464:O464) -> 3.11 | Q464: 3.01 | R464: 3.03 | T464: 3.02 | U464: 2.82 | V464: =AVERAGE(Q464:U464) -> 2.97 | W464: 2.95 | X464: 2.95 | Y464: 2.88 | Z464: 2.98 | AA464: =AVERAGE(W464:Z464) -> 2.94 | AB464: 2.95 | AC464: 3.22 | AD464: 2.83 | AE464: 2.81 | AF464: =AVERAGE(AB464:AE464) -> 2.9525 | AG464: 2.9 | AH464: 2.88 | AI464: 2.98 | AJ464: 3.07 | AK464: 3.05 | AL464: =AVERAGE(AH464:AK464) -> 2.995 | AM464: 3.12 | AN464: 3.15 | AO464: 3.11 | AP464: 2.98 | AQ464: =AVERAGE(AM464:AP464) -> 3.09 | AR464: 2.99 | AS464: 2.91 | AT464: 2.92 | AU464: 2.9 | AV464: =AVERAGE(AR464:AU464) -> 2.93 | AW464: 3 | AX464: 2.88 | AY464: 2.92 | AZ464: 2.92 | BA464: 2.9 | BB464: =AVERAGE(AW464:BA464) -> 2.924 | BC464: 2.82 | BD464: 2.9 | BE464: 2.89 | BF464: 2.93 | BG464: =AVERAGE(BC464:BF464) -> 2.885 | BH464: 2.83 | BL464: =AVERAGE(BH464:BK464) -> 2.83 | BR464: =AVERAGE(BM464:BQ464) -> #DIV/0!

Sheet Period to Period
A4: Region | B4: RT | C4: DT | D4: DM | E4: Site name | F4: Site Code | G4: YTD | H4: Pd 1 | I4: Pd 2 | J4: Pd 3 | K4: Pd 4 | L4: Pd 5 | M4: Pd 6 | N4: Pd 7 | O4: Pd 8 | P4: Pd 9 | Q4: Pd 10 | R4: Pd 11 | S4: Pd 12
A5: =VLOOKUP(F5,'Location List'!$A$2:$T$463,20,FALSE) -> Bill Eich | B5: =VLOOKUP(F5,'Location List'!$A$2:$T$644,19,FALSE) -> David Garcia | C5: =VLOOKUP(F5,'Location List'!$A$2:$T$644,18,FALSE) -> David Garibay Jr | D5: =VLOOKUP(F5,'Location List'!$A$2:$T$644,9,FALSE) -> ANTHONY CHAPA | E5: =VLOOKUP(F5,'Location List'!$A$2:$T$644,2,FALSE) -> TYLER | F5: 31 | G5: =AVERAGE(H5:S5) -> 3.1213636 | H5: ='Week to Week '!K5 -> 3.075 | I5: =IFERROR('Week to Week '!P5,"-") -> 3.1225 | J5: =IFERROR('Week to Week '!V5,"-") -> 3.1 | K5: =IFERROR('Week to Week '!AA5,"-") -> 3.0225 | L5: =IFERROR('Week to Week '!AF5,"-") -> 3.1125 | M5: =IFERROR('Week to Week '!AL5,"-") -> 3.0925 | N5: =IFERROR('Week to Week '!AQ5,"-") -> 3.0425 | O5: =IFERROR('Week to Week '!AV5,"-") -> 3.2775 | P5: =IFERROR('Week to Week '!BB5,"-") -> 3.09 | Q5: =IFERROR('Week to Week '!BG5,"-") -> 3.13 | R5: =IFERROR('Week to Week '!BL5,"-") -> 3.27 | S5: =IFERROR('Week to Week '!BR5,"-") -> -
A6: =VLOOKUP(F6,'Location List'!$A$2:$T$463,20,FALSE) -> Bill Eich | B6: =VLOOKUP(F6,'Location List'!$A$2:$T$644,19,FALSE) -> David Garcia | C6: =VLOOKUP(F6,'Location List'!$A$2:$T$644,18,FALSE) -> Hoang Dao | D6: =VLOOKUP(F6,'Location List'!$A$2:$T$644,9,FALSE) -> FRANK RAMIREZ | E6: =VLOOKUP(F6,'Location List'!$A$2:$T$644,2,FALSE) -> FM 1960 | F6: 32 | G6: =AVERAGE(H6:S6) -> 3.1535455 | H6: ='Week to Week '!K6 -> 3.2475 | I6: =IFERROR('Week to Week '!P6,"-") -> 3.315 | J6: =IFERROR('Week to Week '!V6,"-") -> 3.4325 | K6: =IFERROR('Week to Week '!AA6,"-") -> 3.045 | L6: =IFERROR('Week to Week '!AF6,"-") -> 3.1275 | M6: =IFERROR('Week to Week '!AL6,"-") -> 2.9775 | N6: =IFERROR('Week to Week '!AQ6,"-") -> 3.22 | O6: =IFERROR('Week to Week '!AV6,"-") -> 3.3125 | P6: =IFERROR('Week to Week '!BB6,"-") -> 3.064 | Q6: =IFERROR('Week to Week '!BG6,"-") -> 3.0275 | R6: =IFERROR('Week to Week '!BL6,"-") -> 2.92 | S6: =IFERROR('Week to Week '!BR6,"-") -> -
A7: =VLOOKUP(F7,'Location List'!$A$2:$T$463,20,FALSE) -> Bill Eich | B7: =VLOOKUP(F7,'Location List'!$A$2:$T$644,19,FALSE) -> David Garcia | C7: =VLOOKUP(F7,'Location List'!$A$2:$T$644,18,FALSE) -> Hoang Dao | D7: =VLOOKUP(F7,'Location List'!$A$2:$T$644,9,FALSE) -> FRANK RAMIREZ | E7: =VLOOKUP(F7,'Location List'!$A$2:$T$644,2,FALSE) -> COPPERFIELD | F7: 33 | G7: =AVERAGE(H7:S7) -> 3.0024091 | H7: ='Week to Week '!K7 -> 3.025 | I7: =IFERROR('Week to Week '!P7,"-") -> 3 | J7: =IFERROR('Week to Week '!V7,"-") -> 3.0275 | K7: =IFERROR('Week to Week '!AA7,"-") -> 3.05 | L7: =IFERROR('Week to Week '!AF7,"-") -> 2.9325 | M7: =IFERROR('Week to Week '!AL7,"-") -> 3.1475 | N7: =IFERROR('Week to Week '!AQ7,"-") -> 3.005 | O7: =IFERROR('Week to Week '!AV7,"-") -> 3.075 | P7: =IFERROR('Week to Week '!BB7,"-") -> 2.994 | Q7: =IFERROR('Week to Week '!BG7,"-") -> 2.91 | R7: =IFERROR('Week to Week '!BL7,"-") -> 2.86 | S7: =IFERROR('Week to Week '!BR7,"-") -> -
A8: =VLOOKUP(F8,'Location List'!$A$2:$T$463,20,FALSE) -> Bill Eich | B8: =VLOOKUP(F8,'Location List'!$A$2:$T$644,19,FALSE) -> David Garcia | C8: =VLOOKUP(F8,'Location List'!$A$2:$T$644,18,FALSE) -> Mike Kralick | D8: =VLOOKUP(F8,'Location List'!$A$2:$T$644,9,FALSE) -> KELLI KASPER | E8: =VLOOKUP(F8,'Location List'!$A$2:$T$644,2,FALSE) -> LEWISVILLE | F8: 35 | G8: =AVERAGE(H8:S8) -> 3.1243636 | H8: ='Week to Week '!K8 -> 3.0975 | I8: =IFERROR('Week to Week '!P8,"-") -> 3.1125 | J8: =IFERROR('Week to Week '!V8,"-") -> 3.1625 | K8: =IFERROR('Week to Week '!AA8,"-") -> 3.1325 | L8: =IFERROR('Week to Week '!AF8,"-") -> 3.195 | M8: =IFERROR('Week to Week '!AL8,"-") -> 3.14 | N8: =IFERROR('Week to Week '!AQ8,"-") -> 3.3225 | O8: =IFERROR('Week to Week '!AV8,"-") -> 3.015 | P8: =IFERROR('Week to Week '!BB8,"-") -> 3.078 | Q8: =IFERROR('Week to Week '!BG8,"-") -> 2.9525 | R8: =IFERROR('Week to Week '!BL8,"-") -> 3.16 | S8: =IFERROR('Week to Week '!BR8,"-") -> -
A9: =VLOOKUP(F9,'Location List'!$A$2:$T$463,20,FALSE) -> Bill Eich | B9: =VLOOKUP(F9,'Location List'!$A$2:$T$644,19,FALSE) -> David Garcia | C9: =VLOOKUP(F9,'Location List'!$A$2:$T$644,18,FALSE) -> Jose Sandoval | D9: =VLOOKUP(F9,'Location List'!$A$2:$T$644,9,FALSE) -> ERIC BARGAS | E9: =VLOOKUP(F9,'Location List'!$A$2:$T$644,2,FALSE) -> ROCKWALL | F9: 38 | G9: =AVERAGE(H9:S9) -> 2.9338182 | H9: ='Week to Week '!K9 -> 3.04 | I9: =IFERROR('Week to Week '!P9,"-") -> 3.0625 | J9: =IFERROR('Week to Week '!V9,"-") -> 2.9625 | K9: =IFERROR('Week to Week '!AA9,"-") -> 2.89 | L9: =IFERROR('Week to Week '!AF9,"-") -> 2.885 | M9: =IFERROR('Week to Week '!AL9,"-") -> 2.765 | N9: =IFERROR('Week to Week '!AQ9,"-") -> 2.9125 | O9: =IFERROR('Week to Week '!AV9,"-") -> 2.9125 | P9: =IFERROR('Week to Week '!BB9,"-") -> 2.952 | Q9: =IFERROR('Week to Week '!BG9,"-") -> 2.83 | R9: =IFERROR('Week to Week '!BL9,"-") -> 3.06 | S9: =IFERROR('Week to Week '!BR9,"-") -> -
A10: =VLOOKUP(F10,'Location List'!$A$2:$T$463,20,FALSE) -> Bill Eich | B10: =VLOOKUP(F10,'Location List'!$A$2:$T$644,19,FALSE) -> Dennis Morgan | C10: =VLOOKUP(F10,'Location List'!$A$2:$T$644,18,FALSE) -> Wayne Rough | D10: =VLOOKUP(F10,'Location List'!$A$2:$T$644,9,FALSE) -> HASHEM SAADAT | E10: =VLOOKUP(F10,'Location List'!$A$2:$T$644,2,FALSE) -> ALBEMARLE | F10: 39 | G10: =AVERAGE(H10:S10) -> 3.0301818 | H10: ='Week to Week '!K10 -> 3.01 | I10: =IFERROR('Week to Week '!P10,"-") -> 3.0625 | J10: =IFERROR('Week to Week '!V10,"-") -> 3.005 | K10: =IFERROR('Week to Week '!AA10,"-") -> 3.215 | L10: =IFERROR('Week to Week '!AF10,"-") -> 2.9775 | M10: =IFERROR('Week to Week '!AL10,"-") -> 3.1 | N10: =IFERROR('Week to Week '!AQ10,"-") -> 2.9575 | O10: =IFERROR('Week to Week '!AV10,"-") -> 2.8925 | P10: =IFERROR('Week to Week '!BB10,"-") -> 3.022 | Q10: =IFERROR('Week to Week '!BG10,"-") -> 3.07 | R10: =IFERROR('Week to Week '!BL10,"-") -> 3.02 | S10: =IFERROR('Week to Week '!BR10,"-") -> -
A11: =VLOOKUP(F11,'Location List'!$A$2:$T$463,20,FALSE) -> Tim Kerum | B11: =VLOOKUP(F11,'Location List'!$A$2:$T$644,19,FALSE) -> Troy Chaney | C11: =VLOOKUP(F11,'Location List'!$A$2:$T$644,18,FALSE) -> Manuel Lopez | D11: =VLOOKUP(F11,'Location List'!$A$2:$T$644,9,FALSE) -> OCTAVIO CASTANEDA | E11: =VLOOKUP(F11,'Location List'!$A$2:$T$644,2,FALSE) -> BAKERSFIELD | F11: 41 | G11: =AVERAGE(H11:S11) -> 3.0183636 | H11: ='Week to Week '!K11 -> 3.045 | I11: =IFERROR('Week to Week '!P11,"-") -> 3.0275 | J11: =IFERROR('Week to Week '!V11,"-") -> 3.0575 | K11: =IFERROR('Week to Week '!AA11,"-") -> 3.035 | L11: =IFERROR('Week to Week '!AF11,"-") -> 2.9825 | M11: =IFERROR('Week to Week '!AL11,"-") -> 3.1325 | N11: =IFERROR('Week to Week '!AQ11,"-") -> 3.085 | O11: =IFERROR('Week to Week '!AV11,"-") -> 2.905 | P11: =IFERROR('Week to Week '!BB11,"-") -> 2.952 | Q11: =IFERROR('Week to Week '!BG11,"-") -> 3.03 | R11: =IFERROR('Week to Week '!BL11,"-") -> 2.95 | S11: =IFERROR('Week to Week '!BR11,"-") -> -
A12: =VLOOKUP(F12,'Location List'!$A$2:$T$463,20,FALSE) -> Tim Kerum | B12: =VLOOKUP(F12,'Location List'!$A$2:$T$644,19,FALSE) -> Troy Chaney | C12: =VLOOKUP(F12,'Location List'!$A$2:$T$644,18,FALSE) -> Albino Ramirez | D12: =VLOOKUP(F12,'Location List'!$A$2:$T$644,9,FALSE) -> Adam Shafran | E12: =VLOOKUP(F12,'Location List'!$A$2:$T$644,2,FALSE) -> FRESNO | F12: 42 | G12: =AVERAGE(H12:S12) -> 3.0974545 | H12: ='Week to Week '!K12 -> 3.2525 | I12: =IFERROR('Week to Week '!P12,"-") -> 3.3725 | J12: =IFERROR('Week to Week '!V12,"-") -> 3.155 | K12: =IFERROR('Week to Week '!AA12,"-") -> 3.16 | L12: =IFERROR('Week to Week '!AF12,"-") -> 3.1125 | M12: =IFERROR('Week to Week '!AL12,"-") -> 3.0525 | N12: =IFERROR('Week to Week '!AQ12,"-") -> 3.1475 | O12: =IFERROR('Week to Week '!AV12,"-") -> 3.0725 | P12: =IFERROR('Week to Week '!BB12,"-") -> 2.952 | Q12: =IFERROR('Week to Week '!BG12,"-") -> 2.945 | R12: =IFERROR('Week to Week '!BL12,"-") -> 2.85 | S12: =IFERROR('Week to Week '!BR12,"-") -> -
A13: =VLOOKUP(F13,'Location List'!$A$2:$T$463,20,FALSE) -> Tim Kerum | B13: =VLOOKUP(F13,'Location List'!$A$2:$T$644,19,FALSE) -> Troy Chaney | C13: =VLOOKUP(F13,'Location List'!$A$2:$T$644,18,FALSE) -> Manuel Lopez | D13: =VLOOKUP(F13,'Location List'!$A$2:$T$644,9,FALSE) -> OCTAVIO CASTANEDA | E13: =VLOOKUP(F13,'Location List'!$A$2:$T$644,2,FALSE) -> VISALIA | F13: 43 | G13: =AVERAGE(H13:S13) -> 3.1295909 | H13: ='Week to Week '!K13 -> 3.2625 | I13: =IFERROR('Week to Week '!P13,"-") -> 3.1475 | J13: =IFERROR('Week to Week '!V13,"-") -> 3.01 | K13: =IFERROR('Week to Week '!AA13,"-") -> 3.33 | L13: =IFERROR('Week to Week '!AF13,"-") -> 3.145 | M13: =IFERROR('Week to Week '!AL13,"-") -> 3.215 | N13: =IFERROR('Week to Week '!AQ13,"-") -> 3.165 | O13: =IFERROR('Week to Week '!AV13,"-") -> 3.1075 | P13: =IFERROR('Week to Week '!BB13,"-") -> 3.048 | Q13: =IFERROR('Week to Week '!BG13,"-") -> 3.035 | R13: =IFERROR('Week to Week '!BL13,"-") -> 2.96 | S13: =IFERROR('Week to Week '!BR13,"-") -> -
A14: =VLOOKUP(F14,'Location List'!$A$2:$T$463,20,FALSE) -> Tim Kerum | B14: =VLOOKUP(F14,'Location List'!$A$2:$T$644,19,FALSE) -> Troy Chaney | C14: =VLOOKUP(F14,'Location List'!$A$2:$T$644,18,FALSE) | D14: =VLOOKUP(F14,'Location List'!$A$2:$T$644,9,FALSE) -> PATTY CEDILLO | E14: =VLOOKUP(F14,'Location List'!$A$2:$T$644,2,FALSE) -> OCEANSIDE | F14: 45 | G14: =AVERAGE(H14:S14) -> 2.9965909 | H14: ='Week to Week '!K14 -> 3.1675 | I14: =IFERROR('Week to Week '!P14,"-") -> 2.9225 | J14: =IFERROR('Week to Week '!V14,"-") -> 3.0975 | K14: =IFERROR('Week to Week '!AA14,"-") -> 3.155 | L14: =IFERROR('Week to Week '!AF14,"-") -> 2.85 | M14: =IFERROR('Week to Week '!AL14,"-") -> 2.955 | N14: =IFERROR('Week to Week '!AQ14,"-") -> 3.005 | O14: =IFERROR('Week to Week '!AV14,"-") -> 2.995 | P14: =IFERROR('Week to Week '!BB14,"-") -> 2.92 | Q14: =IFERROR('Week to Week '!BG14,"-") -> 2.875 | R14: =IFERROR('Week to Week '!BL14,"-") -> 3.02 | S14: =IFERROR('Week to Week '!BR14,"-") -> -
A15: =VLOOKUP(F15,'Location List'!$A$2:$T$463,20,FALSE) -> Chris Kelly | B15: =VLOOKUP(F15,'Location List'!$A$2:$T$644,19,FALSE) -> Mike Seymour | C15: =VLOOKUP(F15,'Location List'!$A$2:$T$644,18,FALSE) -> James Schwab | D15: =VLOOKUP(F15,'Location List'!$A$2:$T$644,9,FALSE) -> REGINALD DAVENPORT | E15: =VLOOKUP(F15,'Location List'!$A$2:$T$644,2,FALSE) -> SPRINGFIELD (IL) | F15: 47 | G15: =AVERAGE(H15:S15) -> 3.0360909 | H15: ='Week to Week '!K15 -> 3.0625 | I15: =IFERROR('Week to Week '!P15,"-") -> 3.0425 | J15: =IFERROR('Week to Week '!V15,"-") -> 2.975 | K15: =IFERROR('Week to Week '!AA15,"-") -> 3.0175 | L15: =IFERROR('Week to Week '!AF15,"-") -> 3.0575 | M15: =IFERROR('Week to Week '!AL15,"-") -> 3.0825 | N15: =IFERROR('Week to Week '!AQ15,"-") -> 3.0475 | O15: =IFERROR('Week to Week '!AV15,"-") -> 3.0675 | P15: =IFERROR('Week to Week '!BB15,"-") -> 2.892 | Q15: =IFERROR('Week to Week '!BG15,"-") -> 3.0125 | R15: =IFERROR('Week to Week '!BL15,"-") -> 3.14 | S15: =IFERROR('Week to Week '!BR15,"-") -> -
A16: =VLOOKUP(F16,'Location List'!$A$2:$T$463,20,FALSE) -> Bill Eich | B16: =VLOOKUP(F16,'Location List'!$A$2:$T$644,19,FALSE) -> Dennis Morgan | C16: =VLOOKUP(F16,'Location List'!$A$2:$T$644,18,FALSE) -> Richard Boykin | D16: =VLOOKUP(F16,'Location List'!$A$2:$T$644,9,FALSE) -> BRIAN PITRE | E16: =VLOOKUP(F16,'Location List'!$A$2:$T$644,2,FALSE) -> ALEXANDRIA | F16: 48 | G16: =AVERAGE(H16:S16) -> 2.9922727 | H16: ='Week to Week '!K16 -> 2.92 | I16: =IFERROR('Week to Week '!P16,"-") -> 2.97 | J16: =IFERROR('Week to Week '!V16,"-") -> 3.1025 | K16: =IFERROR('Week to Week '!AA16,"-") -> 3.1025 | L16: =IFERROR('Week to Week '!AF16,"-") -> 2.925 | M16: =IFERROR('Week to Week '!AL16,"-") -> 2.9575 | N16: =IFERROR('Week to Week '!AQ16,"-") -> 2.9725 | O16: =IFERROR('Week to Week '!AV16,"-") -> 3.0775 | P16: =IFERROR('Week to Week '!BB16,"-") -> 3.03 | Q16: =IFERROR('Week to Week '!BG16,"-") -> 2.9475 | R16: =IFERROR('Week to Week '!BL16,"-") -> 2.91 | S16: =IFERROR('Week to Week '!BR16,"-") -> -
... A376: =VLOOKUP(F376,'Location List'!$A$2:$T$463,20,FALSE) -> Chris Kelly | B376: =VLOOKUP(F376,'Location List'!$A$2:$T$644,19,FALSE) -> Mike Seymour | C376: =VLOOKUP(F376,'Location List'!$A$2:$T$644,18,FALSE) -> Scott Whitsel | D376: =VLOOKUP(F376,'Location List'!$A$2:$T$644,9,FALSE) -> MICHAEL SVOBODA | E376: =VLOOKUP(F376,'Location List'!$A$2:$T$644,2,FALSE) -> TOWNSON | F376: 775 | G376: =AVERAGE(H376:S376) -> 3.0440909 | H376: ='Week to Week '!K376 -> 2.9725 | I376: =IFERROR('Week to Week '!P376,"-") -> 2.9725 | J376: =IFERROR('Week to Week '!V376,"-") -> 2.87 | K376: =IFERROR('Week to Week '!AA376,"-") -> 2.9325 | L376: =IFERROR('Week to Week '!AF376,"-") -> 2.95 | M376: =IFERROR('Week to Week '!AL376,"-") -> 3.02 | N376: =IFERROR('Week to Week '!AQ376,"-") -> 3.8875 | O376: =IFERROR('Week to Week '!AV376,"-") -> 3.2475 | P376: =IFERROR('Week to Week '!BB376,"-") -> 2.89 | Q376: =IFERROR('Week to Week '!BG376,"-") -> 2.9025 | R376: =IFERROR('Week to Week '!BL376,"-") -> 2.84 | S376: =IFERROR('Week to Week '!BR376,"-") -> -
B377: =VLOOKUP(F377,'Location List'!$A$2:$T$644,19,FALSE) -> Mike Seymour | C377: =VLOOKUP(F377,'Location List'!$A$2:$T$644,18,FALSE) -> Brian Osborne | D377: =VLOOKUP(F377,'Location List'!$A$2:$T$644,9,FALSE) -> PETER PANUNZI | E377: =VLOOKUP(F377,'Location List'!$A$2:$T$644,2,FALSE) -> Port Orange | F377: 776 | G377: =AVERAGE(H377:S377) -> 3.2680556 | H377: =IFERROR('Week to Week '!K377,"-") -> - | I377: =IFERROR('Week to Week '!P377,"-") -> - | J377: =IFERROR('Week to Week '!V377,"-") -> 3.48 | K377: =IFERROR('Week to Week '!AA377,"-") -> 3.3475 | L377: =IFERROR('Week to Week '!AF377,"-") -> 3.405 | M377: =IFERROR('Week to Week '!AL377,"-") -> 3.66 | N377: =IFERROR('Week to Week '!AQ377,"-") -> 3.3775 | O377: =IFERROR('Week to Week '!AV377,"-") -> 3.2075 | P377: =IFERROR('Week to Week '!BB377,"-") -> 3 | Q377: =IFERROR('Week to Week '!BG377,"-") -> 2.925 | R377: =IFERROR('Week to Week '!BL377,"-") -> 3.01 | S377: =IFERROR('Week to Week '!BR377,"-") -> -
A378: =VLOOKUP(F378,'Location List'!$A$2:$T$463,20,FALSE) -> Bill Eich | B378: =VLOOKUP(F378,'Location List'!$A$2:$T$644,19,FALSE) -> Mike Seymour | C378: =VLOOKUP(F378,'Location List'!$A$2:$T$644,18,FALSE) -> Brian Osborne | D378: =VLOOKUP(F378,'Location List'!$A$2:$T$644,9,FALSE) -> PETER PANUNZI | E378: =VLOOKUP(F378,'Location List'!$A$2:$T$644,2,FALSE) -> WEST PALM BEACH | F378: 777 | G378: =AVERAGE(H378:S378) -> 3.0677727 | H378: ='Week to Week '!K378 -> 3.345 | I378: =IFERROR('Week to Week '!P378,"-") -> 3.105 | J378: =IFERROR('Week to Week '!V378,"-") -> 3.0425 | K378: =IFERROR('Week to Week '!AA378,"-") -> 3.065 | L378: =IFERROR('Week to Week '!AF378,"-") -> 3.0575 | M378: =IFERROR('Week to Week '!AL378,"-") -> 3.085 | N378: =IFERROR('Week to Week '!AQ378,"-") -> 3.035 | O378: =IFERROR('Week to Week '!AV378,"-") -> 2.9825 | P378: =IFERROR('Week to Week '!BB378,"-") -> 3.028 | Q378: =IFERROR('Week to Week '!BG378,"-") -> 2.99 | R378: =IFERROR('Week to Week '!BL378,"-") -> 3.01 | S378: =IFERROR('Week to Week '!BR378,"-") -> -
A379: =VLOOKUP(F379,'Location List'!$A$2:$T$463,20,FALSE) -> Bill Eich | B379: =VLOOKUP(F379,'Location List'!$A$2:$T$644,19,FALSE) -> Mike Seymour | C379: =VLOOKUP(F379,'Location List'!$A$2:$T$644,18,FALSE) -> Aldo Castaneda | D379: =VLOOKUP(F379,'Location List'!$A$2:$T$644,9,FALSE) -> PETER PANUNZI | E379: =VLOOKUP(F379,'Location List'!$A$2:$T$644,2,FALSE) -> NAPLES | F379: 778 | G379: =AVERAGE(H379:S379) -> 3.0452727 | H379: ='Week to Week '!K379 -> 3.1375 | I379: =IFERROR('Week to Week '!P379,"-") -> 2.9475 | J379: =IFERROR('Week to Week '!V379,"-") -> 2.8225 | K379: =IFERROR('Week to Week '!AA379,"-") -> 3.0325 | L379: =IFERROR('Week to Week '!AF379,"-") -> 3.055 | M379: =IFERROR('Week to Week '!AL379,"-") -> 3.4075 | N379: =IFERROR('Week to Week '!AQ379,"-") -> 3.2225 | O379: =IFERROR('Week to Week '!AV379,"-") -> 2.9275 | P379: =IFERROR('Week to Week '!BB379,"-") -> 2.998 | Q379: =IFERROR('Week to Week '!BG379,"-") -> 2.9375 | R379: =IFERROR('Week to Week '!BL379,"-") -> 3.01 | S379: =IFERROR('Week to Week '!BR379,"-") -> -
A380: =VLOOKUP(F380,'Location List'!$A$2:$T$463,20,FALSE) -> Bill Eich | B380: =VLOOKUP(F380,'Location List'!$A$2:$T$644,19,FALSE) -> Mike Seymour | C380: =VLOOKUP(F380,'Location List'!$A$2:$T$644,18,FALSE) -> George Snow | D380: =VLOOKUP(F380,'Location List'!$A$2:$T$644,9,FALSE) -> SENECA GRAY | E380: =VLOOKUP(F380,'Location List'!$A$2:$T$644,2,FALSE) -> NEW TAMPA | F380: 779 | G380: =AVERAGE(H380:S380) -> 3.1338182 | H380: ='Week to Week '!K380 -> 2.985 | I380: =IFERROR('Week to Week '!P380,"-") -> 3 | J380: =IFERROR('Week to Week '!V380,"-") -> 3.0725 | K380: =IFERROR('Week to Week '!AA380,"-") -> 3.1275 | L380: =IFERROR('Week to Week '!AF380,"-") -> 3 | M380: =IFERROR('Week to Week '!AL380,"-") -> 3.105 | N380: =IFERROR('Week to Week '!AQ380,"-") -> 3.035 | O380: =IFERROR('Week to Week '!AV380,"-") -> 3.53 | P380: =IFERROR('Week to Week '!BB380,"-") -> 3.232 | Q380: =IFERROR('Week to Week '!BG380,"-") -> 3.205 | R380: =IFERROR('Week to Week '!BL380,"-") -> 3.18 | S380: =IFERROR('Week to Week '!BR380,"-") -> -
A381: =VLOOKUP(F381,'Location List'!$A$2:$T$463,20,FALSE) -> Bill Eich | B381: =VLOOKUP(F381,'Location List'!$A$2:$T$644,19,FALSE) -> Mike Seymour | C381: =VLOOKUP(F381,'Location List'!$A$2:$T$644,18,FALSE) -> George Snow | D381: =VLOOKUP(F381,'Location List'!$A$2:$T$644,9,FALSE) -> SENECA GRAY | E381: =VLOOKUP(F381,'Location List'!$A$2:$T$644,2,FALSE) -> OCALA | F381: 780 | G381: =AVERAGE(H381:S381) -> 3.0235455 | H381: ='Week to Week '!K381 -> 2.9975 | I381: =IFERROR('Week to Week '!P381,"-") -> 3.2575 | J381: =IFERROR('Week to Week '!V381,"-") -> 3.01 | K381: =IFERROR('Week to Week '!AA381,"-") -> 3.025 | L381: =IFERROR('Week to Week '!AF381,"-") -> 3.0575 | M381: =IFERROR('Week to Week '!AL381,"-") -> 2.9575 | N381: =IFERROR('Week to Week '!AQ381,"-") -> 3.1025 | O381: =IFERROR('Week to Week '!AV381,"-") -> 2.9525 | P381: =IFERROR('Week to Week '!BB381,"-") -> 2.944 | Q381: =IFERROR('Week to Week '!BG381,"-") -> 2.955 | R381: =IFERROR('Week to Week '!BL381,"-") -> 3 | S381: =IFERROR('Week to Week '!BR381,"-") -> -
A382: =VLOOKUP(F382,'Location List'!$A$2:$T$463,20,FALSE) -> Bill Eich | B382: =VLOOKUP(F382,'Location List'!$A$2:$T$644,19,FALSE) -> Mike Seymour | C382: =VLOOKUP(F382,'Location List'!$A$2:$T$644,18,FALSE) -> Brian Osborne | D382: =VLOOKUP(F382,'Location List'!$A$2:$T$644,9,FALSE) -> PETER PANUNZI | E382: =VLOOKUP(F382,'Location List'!$A$2:$T$644,2,FALSE) -> BOYNTON BEACH | F382: 781 | G382: =AVERAGE(H382:S382) -> 3.2769545 | H382: ='Week to Week '!K382 -> 3.565 | I382: =IFERROR('Week to Week '!P382,"-") -> 3.2325 | J382: =IFERROR('Week to Week '!V382,"-") -> 3.14 | K382: =IFERROR('Week to Week '!AA382,"-") -> 3.3725 | L382: =IFERROR('Week to Week '!AF382,"-") -> 3.4 | M382: =IFERROR('Week to Week '!AL382,"-") -> 3.3075 | N382: =IFERROR('Week to Week '!AQ382,"-") -> 3.17 | O382: =IFERROR('Week to Week '!AV382,"-") -> 3.305 | P382: =IFERROR('Week to Week '!BB382,"-") -> 3.284 | Q382: =IFERROR('Week to Week '!BG382,"-") -> 3.17 | R382: =IFERROR('Week to Week '!BL382,"-") -> 3.1 | S382: =IFERROR('Week to Week '!BR382,"-") -> -
A383: =VLOOKUP(F383,'Location List'!$A$2:$T$463,20,FALSE) -> Bill Eich | B383: =VLOOKUP(F383,'Location List'!$A$2:$T$644,19,FALSE) -> Mike Seymour | C383: =VLOOKUP(F383,'Location List'!$A$2:$T$644,18,FALSE) -> Aldo Castaneda | D383: =VLOOKUP(F383,'Location List'!$A$2:$T$644,9,FALSE) -> PETER PANUNZI | E383: =VLOOKUP(F383,'Location List'!$A$2:$T$644,2,FALSE) -> FORT MYERS | F383: 782 | G383: =AVERAGE(H383:S383) -> 3.3107727 | H383: ='Week to Week '!K383 -> 3.195 | I383: =IFERROR('Week to Week '!P383,"-") -> 3.0925 | J383: =IFERROR('Week to Week '!V383,"-") -> 3.1325 | K383: =IFERROR('Week to Week '!AA383,"-") -> 3.63 | L383: =IFERROR('Week to Week '!AF383,"-") -> 3.38 | M383: =IFERROR('Week to Week '!AL383,"-") -> 3.1475 | N383: =IFERROR('Week to Week '!AQ383,"-") -> 3.3475 | O383: =IFERROR('Week to Week '!AV383,"-") -> 3.25 | P383: =IFERROR('Week to Week '!BB383,"-") -> 3.476 | Q383: =IFERROR('Week to Week '!BG383,"-") -> 3.2975 | R383: =IFERROR('Week to Week '!BL383,"-") -> 3.47 | S383: =IFERROR('Week to Week '!BR383,"-") -> -
A384: =VLOOKUP(F384,'Location List'!$A$2:$T$463,20,FALSE) -> Tim Kerum | B384: =VLOOKUP(F384,'Location List'!$A$2:$T$644,19,FALSE) -> Mike Seymour | C384: =VLOOKUP(F384,'Location List'!$A$2:$T$644,18,FALSE) -> Albino Ramirez | D384: =VLOOKUP(F384,'Location List'!$A$2:$T$644,9,FALSE) -> Adam Shafran | E384: =VLOOKUP(F384,'Location List'!$A$2:$T$644,2,FALSE) -> BRENTWOOD | F384: 783 | G384: =AVERAGE(H384:S384) -> 3.0015 | H384: ='Week to Week '!K384 -> 2.8525 | I384: =IFERROR('Week to Week '!P384,"-") -> 2.9 | J384: =IFERROR('Week to Week '!V384,"-") -> 3.025 | K384: =IFERROR('Week to Week '!AA384,"-") -> 3.04 | L384: =IFERROR('Week to Week '!AF384,"-") -> 3.1925 | M384: =IFERROR('Week to Week '!AL384,"-") -> 3.1025 | N384: =IFERROR('Week to Week '!AQ384,"-") -> 3.145 | O384: =IFERROR('Week to Week '!AV384,"-") -> 3.1025 | P384: =IFERROR('Week to Week '!BB384,"-") -> 2.934 | Q384: =IFERROR('Week to Week '!BG384,"-") -> 2.8825 | R384: =IFERROR('Week to Week '!BL384,"-") -> 2.84 | S384: =IFERROR('Week to Week '!BR384,"-") -> -
A385: =VLOOKUP(F385,'Location List'!$A$2:$T$463,20,FALSE) -> Tim Kerum | B385: =VLOOKUP(F385,'Location List'!$A$2:$T$644,19,FALSE) -> Mike Seymour | C385: =VLOOKUP(F385,'Location List'!$A$2:$T$644,18,FALSE) -> Luis Torres | D385: =VLOOKUP(F385,'Location List'!$A$2:$T$644,9,FALSE) -> ARSHAD KHAN | E385: =VLOOKUP(F385,'Location List'!$A$2:$T$644,2,FALSE) -> ORANGE | F385: 785 | G385: =AVERAGE(H385:S385) -> 3.0344091 | H385: ='Week to Week '!K385 -> 3.0225 | I385: =IFERROR('Week to Week '!P385,"-") -> 3.115 | J385: =IFERROR('Week to Week '!V385,"-") -> 3.045 | K385: =IFERROR('Week to Week '!AA385,"-") -> 3.17 | L385: =IFERROR('Week to Week '!AF385,"-") -> 2.805 | M385: =IFERROR('Week to Week '!AL385,"-") -> 2.7775 | N385: =IFERROR('Week to Week '!AQ385,"-") -> 3.1225 | O385: =IFERROR('Week to Week '!AV385,"-") -> 3.3475 | P385: =IFERROR('Week to Week '!BB385,"-") -> 3.016 | Q385: =IFERROR('Week to Week '!BG385,"-") -> 3.0075 | R385: =IFERROR('Week to Week '!BL385,"-") -> 2.95 | S385: =IFERROR('Week to Week '!BR385,"-") -> -
A386: =VLOOKUP(F386,'Location List'!$A$2:$T$463,20,FALSE) -> Tim Kerum | B386: =VLOOKUP(F386,'Location List'!$A$2:$T$644,19,FALSE) -> Mike Seymour | C386: =VLOOKUP(F386,'Location List'!$A$2:$T$644,18,FALSE) -> Austin Manzo | D386: =VLOOKUP(F386,'Location List'!$A$2:$T$644,9,FALSE) -> YURI PENA | E386: =VLOOKUP(F386,'Location List'!$A$2:$T$644,2,FALSE) -> CUPERTINO | F386: 786 | G386: =AVERAGE(H386:S386) -> 3.0251818 | H386: ='Week to Week '!K386 -> 2.9975 | I386: =IFERROR('Week to Week '!P386,"-") -> 3.1275 | J386: =IFERROR('Week to Week '!V386,"-") -> 2.915 | K386: =IFERROR('Week to Week '!AA386,"-") -> 3.035 | L386: =IFERROR('Week to Week '!AF386,"-") -> 2.8525 | M386: =IFERROR('Week to Week '!AL386,"-") -> 3.015 | N386: =IFERROR('Week to Week '!AQ386,"-") -> 3.22 | O386: =IFERROR('Week to Week '!AV386,"-") -> 3.04 | P386: =IFERROR('Week to Week '!BB386,"-") -> 3.052 | Q386: =IFERROR('Week to Week '!BG386,"-") -> 2.9225 | R386: =IFERROR('Week to Week '!BL386,"-") -> 3.1 | S386: =IFERROR('Week to Week '!BR386,"-") -> -
A387: =VLOOKUP(F387,'Location List'!$A$2:$T$463,20,FALSE) -> Tim Kerum | B387: =VLOOKUP(F387,'Location List'!$A$2:$T$644,19,FALSE) -> Mike Seymour | C387: =VLOOKUP(F387,'Location List'!$A$2:$T$644,18,FALSE) -> Luis Torres | D387: =VLOOKUP(F387,'Location List'!$A$2:$T$644,9,FALSE) -> ARSHAD KHAN | E387: =VLOOKUP(F387,'Location List'!$A$2:$T$644,2,FALSE) -> WALNUT PARK | F387: 787 | G387: =AVERAGE(H387:S387) -> 3.0626818 | H387: ='Week to Week '!K387 -> 3.0625 | I387: =IFERROR('Week to Week '!P387,"-") -> 3.01 | J387: =IFERROR('Week to Week '!V387,"-") -> 3.095 | K387: =IFERROR('Week to Week '!AA387,"-") -> 3.1 | L387: =IFERROR('Week to Week '!AF387,"-") -> 3.0825 | M387: =IFERROR('Week to Week '!AL387,"-") -> 3.1275 | N387: =IFERROR('Week to Week '!AQ387,"-") -> 3.2875 | O387: =IFERROR('Week to Week '!AV387,"-") -> 2.965 | P387: =IFERROR('Week to Week '!BB387,"-") -> 2.982 | Q387: =IFERROR('Week to Week '!BG387,"-") -> 2.9475 | R387: =IFERROR('Week to Week '!BL387,"-") -> 3.03 | S387: =IFERROR('Week to Week '!BR387,"-") -> -
A388: =VLOOKUP(F388,'Location List'!$A$2:$T$463,20,FALSE) -> Tim Kerum | B388: =VLOOKUP(F388,'Location List'!$A$2:$T$644,19,FALSE) -> Mike Seymour | C388: =VLOOKUP(F388,'Location List'!$A$2:$T$644,18,FALSE) | D388: =VLOOKUP(F388,'Location List'!$A$2:$T$644,9,FALSE) -> PATTY CEDILLO | E388: =VLOOKUP(F388,'Location List'!$A$2:$T$644,2,FALSE) -> ESCONDIDO | F388: 788 | G388: =AVERAGE(H388:S388) -> 3.0235909 | H388: ='Week to Week '!K388 -> 2.825 | I388: =IFERROR('Week to Week '!P388,"-") -> 2.79 | J388: =IFERROR('Week to Week '!V388,"-") -> 2.92 | K388: =IFERROR('Week to Week '!AA388,"-") -> 3.47 | L388: =IFERROR('Week to Week '!AF388,"-") -> 3.105 | M388: =IFERROR('Week to Week '!AL388,"-") -> 2.9625 | N388: =IFERROR('Week to Week '!AQ388,"-") -> 3.1375 | O388: =IFERROR('Week to Week '!AV388,"-") -> 3.0175 | P388: =IFERROR('Week to Week '!BB388,"-") -> 2.982 | Q388: =IFERROR('Week to Week '!BG388,"-") -> 2.95 | R388: =IFERROR('Week to Week '!BL388,"-") -> 3.1 | S388: =IFERROR('Week to Week '!BR388,"-") -> -
A389: =VLOOKUP(F389,'Location List'!$A$2:$T$463,20,FALSE) -> Bill Eich | B389: =VLOOKUP(F389,'Location List'!$A$2:$T$644,19,FALSE) -> Mike Seymour | C389: =VLOOKUP(F389,'Location List'!$A$2:$T$644,18,FALSE) -> Brian Osborne | D389: =VLOOKUP(F389,'Location List'!$A$2:$T$644,9,FALSE) -> PETER PANUNZI | E389: =VLOOKUP(F389,'Location List'!$A$2:$T$644,2,FALSE) -> POMPANO BEACH | F389: 789 | G389: =AVERAGE(H389:S389) -> 3.1452273 | H389: ='Week to Week '!K389 -> 3.42 | I389: =IFERROR('Week to Week '!P389,"-") -> 3.12 | J389: =IFERROR('Week to Week '!V389,"-") -> 3.0675 | K389: =IFERROR('Week to Week '!AA389,"-") -> 3.105 | L389: =IFERROR('Week to Week '!AF389,"-") -> 3.445 | M389: =IFERROR('Week to Week '!AL389,"-") -> 3.08 | N389: =IFERROR('Week to Week '!AQ389,"-") -> 3.3025 | O389: =IFERROR('Week to Week '!AV389,"-") -> 2.9925 | P389: =IFERROR('Week to Week '!BB389,"-") -> 3.14 | Q389: =IFERROR('Week to Week '!BG389,"-") -> 3.085 | R389: =IFERROR('Week to Week '!BL389,"-") -> 2.84 | S389: =IFERROR('Week to Week '!BR389,"-") -> -
... A464: =VLOOKUP(F464,'Location List'!$A$2:$T$463,20,FALSE) -> Chris Kelly | B464: =VLOOKUP(F464,'Location List'!$A$2:$T$644,19,FALSE) -> Chris Parenti | C464: =VLOOKUP(F464,'Location List'!$A$2:$T$644,18,FALSE) -> Robert Lane | D464: =VLOOKUP(F464,'Location List'!$A$2:$T$644,9,FALSE) -> SUSAN JENSEN | E464: =VLOOKUP(F464,'Location List'!$A$2:$T$644,2,FALSE) -> ROANOKE | F464: 972 | G464: =AVERAGE(H464:S464) -> 2.9612727 | H464: ='Week to Week '!K464 -> 2.9475 | I464: =IFERROR('Week to Week '!P464,"-") -> 3.11 | J464: =IFERROR('Week to Week '!V464,"-") -> 2.97 | K464: =IFERROR('Week to Week '!AA464,"-") -> 2.94 | L464: =IFERROR('Week to Week '!AF464,"-") -> 2.9525 | M464: =IFERROR('Week to Week '!AL464,"-") -> 2.995 | N464: =IFERROR('Week to Week '!AQ464,"-") -> 3.09 | O464: =IFERROR('Week to Week '!AV464,"-") -> 2.93 | P464: =IFERROR('Week to Week '!BB464,"-") -> 2.924 | Q464: =IFERROR('Week to Week '!BG464,"-") -> 2.885 | R464: =IFERROR('Week to Week '!BL464,"-") -> 2.83 | S464: =IFERROR('Week to Week '!BR464,"-") -> -

Sheet Tracker
A1: Region | B1: Bill Eich | D1: Region | E1: Bill Eich | G1: Region | H1: Bill Eich | J1: Region | K1: Bill Eich | AW1: avg game taps west
A2: DT | B2: (All) | D2: RT | E2: (All) | G2: RT | H2: (All) | J2: RT TPT ISSUES COUNT | AW2: avg game taps northeast
A3: STORE GAME TPT ISSUES COUNT | D3: DT GAME TPT ISSUES COUNT | G3: DM TPT | J3: Regional Tech | K3: Count of TPT | AW3: avg game taps company southeast
A4: Store Name | B4: Count of TPT | D4: District Tech | E4: Count of TPT | G4: DM TPT | H4: Average of TPT | J4: Dennis Morgan | K4: 704 | AW4: avg game taps company
A5: AUGUSTA | B5: 36 | D5: George Snow | E5: 133 | G5: PETER PANUNZI | H5: 3.146 | J5: David Garcia | K5: 606 | M5: Scorecard | O5: Vs. LW
A6: ST PETERSBURG | B6: 35 | D6: Santos De Los Santos | E6: 123 | G6: BRIAN PITRE | H6: 3.1408333 | J6: Mike Seymour | K6: 123 | M6: Northeast | N6: 3.04 | O6: =IF(N6>P6,1,IF(N6<P6,-1,0)) -> 1 | P6: 2.98
A7: FAYETTEVILLE | B7: 35 | D7: Aldo Castaneda | E7: 100 | G7: KELLI KASPER | H7: 3.1290909 | J7: Grand Total | K7: 1433 | M7: Southeast | N7: 3.02 | O7: =IF(N7>P7,1,IF(N7<P7,-1,0)) -> -1 | P7: 3.03
A8: PEMBROKE PINES | B8: 33 | D8: Chris Smith | E8: 97 | G8: HASHEM SAADAT | H8: 3.086875 | M8: Western | N8: 3.02 | O8: =IF(N8>P8,1,IF(N8<P8,-1,0)) -> 1 | P8: 3.01
A9: TULSA-CROSSING OAKS | B9: 28 | D9: Jesus Gracia | E9: 91 | G9: MICHAEL BOSWELL | H9: 3.0790909 | M9: Company | N9: 3.03 | O9: =IF(N9>P9,1,IF(N9<P9,-1,0)) -> 1 | P9: 3.01
A10: BRANDON | B10: 25 | D10: Steve Fraden | E10: 72 | G10: WILLIAM PRESSEL | H10: 3.0366667 | M10: Games with low TPT issue | N10: ='TPT issue report'!BU4 -> 2663 | O10: =IF(N10>P10,1,IF(N10<P10,-1,0)) -> 1 | P10: 2616
A11: NEW TAMPA | B11: 24 | D11: Jose Sandoval | E11: 69 | G11: ANTHONY CHAPA | H11: 3.0069231 | M11: Games with high TPT issue | N11: ='TPT issue report'!BU5 -> 1507 | O11: =IF(N11>P11,1,IF(N11<P11,-1,0)) -> -1 | P11: 1516
A12: NORTH LITTLE ROCK | B12: 24 | D12: James Banks | E12: 68 | G12: FRANK RAMIREZ | H12: 2.9858333 | M12: TPT Range used 2.0 - 6.0
A13: HARLINGEN | B13: 23 | D13: David Garibay | E13: 66 | G13: JOSEPH RISNEAR | H13: 2.98
A14: BOCA RATON | B14: 22 | D14: Mike Kralick | E14: 64 | G14: TODD BELL | H14: 2.97
A15: MILITARY | B15: 22 | D15: Brian Osborne | E15: 56 | G15: ERIC BARGAS | H15: 2.964375
A16: CORPUS CHRISTI | B16: 20 | D16: Brian Setzer | E16: 48 | G16: Seneca Gray | H16: 2.9314286
A17: CONYERS | B17: 20 | D17: Mike Garfield | E17: 46 | G17: JIM HAMBLEN | H17: 2.8669231
A18: JACKSONVILLE | B18: 19 | D18: Steve Rupp | E18: 45 | G18: Grand Total | H18: 3.0237059
A19: ST CHARLES | B19: 19 | D19: Hoang Dao | E19: 42
A20: BROWNSVILLE | B20: 19 | D20: Wayne Rough | E20: 40 | N20: 2.5
A21: KENNESAW | B21: 18 | D21: Darren Letulle | E21: 39
A22: ALPHARETTA | B22: 18 | D22: Sean Brady | E22: 35
A23: SAVANNAH | B23: 17 | D23: Kenneth Busby | E23: 33
A24: JONESBORO | B24: 17 | D24: Richard Boykin | E24: 30
A25: FORT SMITH | B25: 17 | D25: David Jacobs | E25: 29
A26: ANTIOCH | B26: 17 | D26: David Garibay Jr | E26: 25
A27: HUMBLE | B27: 16 | D27: D. Jacobs | E27: 24
A28: SPRINGFIELD | B28: 16 | D28: Mike Stuckey | E28: 23
A29: LAFAYETTE | B29: 15 | D29: Brandon Skipper | E29: 21
A30: FAIRVIEW HTS | B30: 15 | D30: Santos | E30: 12
A31: LAREDO | B31: 15 | D31: Peter Wennerstrom | E31: 2
A32: LITTLE ROCK | B32: 15 | D32: Grand Total | E32: 1433
A33: GRAND PRAIRIE | B33: 14
A34: NAPLES | B34: 13
A35: HIALEAH | B35: 13
A36: OCALA | B36: 13
A37: WICHITA KS | B37: 13
A38: VETERANS | B38: 13
A39: COOL SPRINGS | B39: 12
A40: MCALLEN | B40: 12
A41: LUBBOCK | B41: 12
A42: JACKSON | B42: 12
A43: NORCROSS | B43: 12
A44: ROGERS | B44: 12
... A165: Grand Total | B165: 1433

Sheet Location List
A1: StoreNumber | B1: name | C1: address | D1: city | E1: state | F1: zip | G1: manager | H1: District | I1: DM | J1: region | K1: opendate | L1: storetype | M1: Column1 | N1: TimeZone | O1: Phone | P1: Tech_Manager | Q1: TM_Cell_Phone | R1: District_Tech | S1: Regional_Tech | T1: RVP
A2: 31 | B2: TYLER | C2: 736 W. SW LOOP 323 | D2: TYLER | E2: TX | F2: 75701 | G2: No GM | H2: F | I2: ANTHONY CHAPA | J2: SOUTHEAST | K2: 36731 | L2: CORE | M2: NON | N2: -6 | O2: (903)581-8899 | P2: Carlos Ramirez | Q2: 281 235 2515 | R2: David Garibay Jr | S2: David Garcia | T2: Bill Eich
A3: 32 | B3: FM 1960 | C3: 146 FM 1960 | D3: HOUSTON | E3: TX | F3: 77090 | G3: Jason Giles | H3: VV | I3: FRANK RAMIREZ | J3: SOUTHEAST | K3: 29762 | L3: CORE | M3: NON | N3: -6 | O3: (281)893-2149 | P3: Kevin Kovarik | Q3: 281 630-6187 | R3: Hoang Dao | S3: David Garcia | T3: Bill Eich
A4: 33 | B4: COPPERFIELD | C4: 6787 HWY 6 NORTH | D4: HOUSTON | E4: TX | F4: 77084 | G4: Daniel Smoote | H4: VV | I4: FRANK RAMIREZ | J4: SOUTHEAST | K4: 36139 | L4: CORE | M4: NON | N4: -6 | O4: (281)463-4533 | P4: Jose Torres | Q4: 281 536 5580 | R4: Hoang Dao | S4: David Garcia | T4: Bill Eich
A5: 35 | B5: LEWISVILLE | C5: 2402 S STEMMONS FRWY | D5: LEWISVILLE | E5: TX | F5: 75067 | G5: Andrerw Cole | H5: PP | I5: KELLI KASPER | J5: SOUTHEAST | K5: 33904 | L5: CORE | M5: NON | N5: -6 | O5: (972)315-3569 | P5: Ben Gallegos ST | Q5: 214 924-0937 | R5: Mike Kralick | S5: David Garcia | T5: Bill Eich
A6: 38 | B6: ROCKWALL | C6: 855 E. INTERSTATE 30 | D6: ROCKWALL | E6: TX | F6: 75087 | G6: Mike Almason | H6: UU | I6: ERIC BARGAS | J6: SOUTHEAST | K6: 37105 | L6: CORE | M6: NON | N6: -6 | O6: (972)722-5458 | P6: Terry Garay | Q6: 469 463-8569 | R6: Jose Sandoval | S6: David Garcia | T6: Bill Eich
A7: 39 | B7: ALBEMARLE | C7: 5612 ALBEMARLE RD #100 | D7: CHARLOTTE | E7: NC | F7: 28212 | G7: Martha Ventura | H7: JJ | I7: HASHEM SAADAT | J7: SOUTHEAST | K7: 35772 | L7: CORE | M7: NON | N7: -5 | O7: (704)532-9597 | P7: Sam Bradshaw | Q7: 704-701-7441 | R7: Wayne Rough | S7: Dennis Morgan | T7: Bill Eich
A8: 41 | B8: BAKERSFIELD | C8: 3760 MING AVE. | D8: BAKERSFIELD | E8: CA | F8: 93309 | G8: Jay Patel | H8: I | I8: OCTAVIO CASTANEDA | J8: WESTERN | K8: 31712 | L8: CORE | M8: NON | N8: -8 | O8: (661)397-7856 | P8: Anthony Arenas | Q8: 661-340-3727 | R8: Manuel Lopez | S8: Troy Chaney | T8: Tim Kerum
A9: 42 | B9: FRESNO | C9: 3117 W. SHAW SUITE 107 | D9: FRESNO | E9: CA | F9: 93711 | G9: SAUL ESQUIVEL | H9: E | I9: Adam Shafran | J9: WESTERN | K9: 31712 | L9: CORE | M9: NON | N9: -8 | O9: (559)229-6289 | P9: Pancho Avila | Q9: 559 403-6015 | R9: Albino Ramirez | S9: Troy Chaney | T9: Tim Kerum
A10: 43 | B10: VISALIA | C10: 4345 WEST NOBLE AVE | D10: VISALIA | E10: CA | F10: 93277 | G10: Staci Lopez | H10: I | I10: OCTAVIO CASTANEDA | J10: WESTERN | K10: 31712 | L10: CORE | M10: NON | N10: -8 | O10: (559)733-3374 | P10: Jose Mayorga | Q10: 559 556-4048 | R10: Manuel Lopez | S10: Troy Chaney | T10: Tim Kerum
A11: 45 | B11: OCEANSIDE | C11: 2481 VISTA WAY | D11: OCENASIDE | E11: CA | F11: 92054 | G11: Guadalupe Chavez | H11: MM | I11: PATTY CEDILLO | J11: WESTERN | K11: 31712 | L11: CORE | M11: NON | N11: -8 | O11: (760)439-1454 | P11: Daniel Orduno | Q11: 619-860-2062 | S11: Troy Chaney | T11: Tim Kerum
A12: 47 | B12: SPRINGFIELD (IL) | C12: 2369 MCARTHUR AVENUE | D12: SPRINGFIELD | E12: IL | F12: 62704 | G12: Timothy Tarver | H12: HH | I12: REGINALD DAVENPORT | J12: NORTHEAST | K12: 30063 | L12: CORE | M12: NON | N12: -6 | O12: (217)793-1046 | P12: James Schwab | Q12: 217 741-7411 | R12: James Schwab | S12: Mike Seymour | T12: Chris Kelly
A13: 48 | B13: ALEXANDRIA | C13: 1725 METRO DR | D13: ALEXANDRIA | E13: LA | F13: 71301 | G13: BRANDON SCROGGS | H13: K | I13: BRIAN PITRE | J13: SOUTHEAST | K13: 30489 | L13: CORE | M13: NON | N13: -6 | O13: (318)445-3770 | P13: Richard Boykin (DT) | Q13: 318 589-8791 | R13: Richard Boykin | S13: Dennis Morgan | T13: Bill Eich
A14: 49 | B14: LANCASTER | C14: 44410 VALLEY CENTRAL WAY | D14: LANCASTER | E14: CA | F14: 93536 | G14: VIANEY KOHL | H14: I | I14: OCTAVIO CASTANEDA | J14: WESTERN | K14: 34036 | L14: CORE | M14: NON | N14: -8 | O14: (661)940-3398 | P14: Angel Ek | Q14: 760-792-4843 | R14: Manuel Lopez | S14: Troy Chaney | T14: Tim Kerum
A15: 53 | B15: CRYSTAL LAKE | C15: 4725 NORTHWEST HWY | D15: CRYSTAL LAKE | E15: IL | F15: 60014 | G15: Isabel | H15: OO | I15: TROY WATRING | J15: NORTHEAST | K15: 36815 | L15: CORE | M15: NON | N15: -6 | O15: (815)455-6024 | P15: Nicholas Schenck | Q15: 815-529-4742 | R15: Adam Fortney | S15: Mike Seymour | T15: Chris Kelly
A16: 54 | B16: MELROSE | C16: 1030 Winston Plaza | D16: MELROSE PARK | E16: IL | F16: 60160 | G16: PATRICK COATES | H16: HH | I16: REGINALD DAVENPORT | J16: NORTHEAST | K16: 33505 | L16: CORE | M16: NON | N16: -6 | O16: (708)410-2130 | P16: Erick Carranza | Q16: 708 657-8226 | R16: Justin Miano | S16: Mike Seymour | T16: Chris Kelly
A17: 55 | B17: KNOXVILLE | C17: 8225 KINGSTON PIKE | D17: KNOXVILLE | E17: TN | F17: 37919 | G17: Scott Golden | H17: R | I17: JIM HAMBLEN | J17: SOUTHEAST | K17: 35877 | L17: CORE | M17: NON | N17: -6 | O17: (865)670-8552 | P17: Darryl McCammon | Q17: 310-892-5061 | R17: David Jacobs | S17: Dennis Morgan | T17: Bill Eich
A18: 56 | B18: RICHMOND\TUCKERNUCK | C18: 9030 BROAD ST | D18: RICHMOND | E18: VA | F18: 23294 | G18: JOSE HERNANDEZ | H18: S | I18: SUSAN JENSEN | J18: NORTHEAST | K18: 36223 | L18: CORE | M18: NON | N18: -5 | O18: (804)762-4044 | P18: Robert Lane (DT) | Q18: 804 314-7617 | R18: Robert Lane | S18: Chris Parenti | T18: Chris Kelly
A19: 58 | B19: TINLEY PARK | C19: 16090 S. HARLEM AVE | D19: TINLEY PARK | E19: IL | F19: 60477 | G19: Franco Rojas | H19: HH | I19: REGINALD DAVENPORT | J19: NORTHEAST | K19: 32539 | L19: CORE | M19: NON | N19: -6 | O19: (708)429-9231 | P19: Phillip Arrington | Q19: 630-862-7131 | R19: Justin Miano | S19: Mike Seymour | T19: Chris Kelly
A20: 59 | B20: STREAMWOOD | C20: 1000 S Barrington Rd | D20: STREAMWOOD | E20: IL | F20: 60107 | G20: Victoria Aversano | H20: OO | I20: TROY WATRING | J20: NORTHEAST | K20: 32938 | L20: CORE | M20: NON | N20: -6 | O20: (630)289-6706 | P20: Grant Foydl | Q20: 815-353-8506 | R20: Adam Fortney | S20: Mike Seymour | T20: Chris Kelly
A21: 60 | B21: EVANSVILLE | C21: 559 N GREEN RIVER RD | D21: EVANSVILLE | E21: IN | F21: 47715 | G21: JOHN COOK | H21: J | I21: MICHELE BEAVAN | J21: NORTHEAST | K21: 30245 | L21: CORE | M21: NON | N21: -5 | O21: (812)473-4262 | P21: Buddy Benedict | Q21: 812-228-6282 | R21: Kyle Christophel | S21: Mike Seymour | T21: Chris Kelly
A22: 62 | B22: JACKSONVILLE-REGENCY | C22: 9820 ATLANTIC BLVD | D22: JACKSONVILLE | E22: FL | F22: 32225 | G22: Jeffery Andrews | H22: GG | I22: Seneca Gray | J22: SOUTHEAST | K22: 32020 | L22: CORE | M22: NON | N22: -5 | O22: (904)724-9010 | P22: Michael Gallardo | R22: Steve Rupp | S22: Dennis Morgan | T22: Bill Eich
A23: 63 | B23: KEDZIE | C23: 5030 S KEDZIE | D23: CHICAGO | E23: IL | F23: 60632 | G23: OSCAR RODRIGUEZ | H23: HH | I23: REGINALD DAVENPORT | J23: NORTHEAST | K23: 30987 | L23: CORE | M23: NON | N23: -6 | O23: (773)476-0508 | P23: Ramon Ramirez | Q23: 773-998-5778 | R23: Justin Miano | S23: Mike Seymour | T23: Chris Kelly
A24: 64 | B24: PINEVILLE | C24: 7701 PINEVILLE-MATHEWS RD | D24: CHARLOTTE | E24: NC | F24: 28226 | G24: Llia Guevara Castillo | H24: JJ | I24: HASHEM SAADAT | J24: SOUTHEAST | K24: 33995 | L24: CORE | M24: NON | N24: -5 | O24: (704)541-3237 | P24: OPEN | R24: Wayne Rough | S24: Dennis Morgan | T24: Bill Eich
A25: 65 | B25: PENSACOLA | C25: 7350 PLANTATION | D25: PENSACOLA | E25: FL | F25: 32504 | G25: Eric Perez | H25: K | I25: BRIAN PITRE | J25: SOUTHEAST | K25: 32020 | L25: CORE | M25: NON | N25: -5 | O25: (850)476-7727 | P25: None | R25: Mike Garfield | S25: Dennis Morgan | T25: Bill Eich
A26: 66 | B26: ORANGE PARK | C26: 6065 YOUNGERMAN CIRCLE | D26: JACKSONVILLE | E26: FL | F26: 32244 | G26: Jim Weaver | H26: GG | I26: Seneca Gray | J26: SOUTHEAST | K26: 32020 | L26: CORE | M26: NON | N26: -5 | O26: (904)777-8666 | P26: Michael Gallardo | Q26: 904-449-8464 | R26: Steve Rupp | S26: Dennis Morgan | T26: Bill Eich
A27: 67 | B27: METCALF | C27: 10510 METCALF LANE | D27: OVERLAND PARK | E27: KS | F27: 66206 | G27: Michael Saniseng | H27: DD | I27: ERIC MONTES | J27: WESTERN | K27: 31103 | L27: CORE | M27: NON | N27: -6 | O27: (913)648-8848 | P27: Chris Fiedler | Q27: 785-917-1628 | R27: Dean Bilstein | S27: Mike Seymour | T27: Tim Kerum
A28: 68 | B28: MADISON | C28: 2070 GALLATIN RD NORTH | D28: MADISON | E28: TN | F28: 37115 | G28: CHRISTOPHER LOCKWOOD | H28: R | I28: JIM HAMBLEN | J28: SOUTHEAST | K28: 31824 | L28: CORE | M28: NON | N28: -6 | O28: (615)859-0862 | P28: Steve Fraden | Q28: 615-282-8977 | R28: Steve Fraden | S28: Dennis Morgan | T28: Bill Eich
A29: 71 | B29: POTOMAC MILLS | C29: 14085 SHOPPERS BEST WAY | D29: DALE CITY | E29: VA | F29: 22192 | G29: Isis Vasconcelos | H29: S | I29: SUSAN JENSEN | J29: NORTHEAST | L29: CORE | M29: NON | N29: -5 | O29: (703)670-3979 | P29: Jonathan Tacache | Q29: 571-265-1262 | R29: Nery Melgar | S29: Chris Parenti | T29: Chris Kelly
A30: 74 | B30: ANTIOCH | C30: 5312 HICKORY HOLLOW LANE | D30: ANTIOCH | E30: TN | F30: 37013 | G30: Ethan Deleon | H30: R | I30: JIM HAMBLEN | J30: SOUTHEAST | K30: 31824 | L30: CORE | M30: CAN | N30: -6 | O30: (615)731-0272 | P30: Kendall Pendergrass | Q30: 931-801-1183 | R30: Steve Fraden | S30: Dennis Morgan | T30: Bill Eich
A31: 75 | B31: ALEXANDRIA | C31: 6301 RICHMOND HIGHWAY | D31: ALEXANDRIA | E31: VA | F31: 22306 | G31: BAYARDO HERNANDEZ | H31: SS | I31: MICHAEL SVOBODA | J31: NORTHEAST | K31: 40502 | L31: CORE | M31: NON | N31: -5 | O31: (703)721-1801 | P31: Anthony Graves | Q31: 571 264-6312 | R31: Scott Whitsel | S31: Chris Parenti | T31: Chris Kelly
A32: 80 | B32: CANTON | C32: 42001 FORD RD. | D32: CANTON | E32: MI | F32: 48187 | G32: Kaitlyn Bovensiep | H32: M | I32: ALI ELALI | J32: NORTHEAST | K32: 32266 | L32: CORE | M32: NON | N32: -5 | O32: (734)981-0351 | P32: Jacob Garibay | Q32: 313 641-3315 | R32: Nicholas Glenn | S32: Victor Ayrapetov | T32: Chris Kelly
A33: 81 | B33: IRVING | C33: 3903 W. AIRPORT FRWY | D33: IRVING | E33: TX | F33: 75062 | G33: Catalina Reyes | H33: UU | I33: ERIC BARGAS | J33: SOUTHEAST | K33: 32413 | L33: CORE | M33: NON | N33: -6 | O33: (972)252-3537 | P33: Jorge Sosa | Q33: 331 642-5608 | R33: Jose Sandoval | S33: David Garcia | T33: Bill Eich
A34: 82 | B34: INDEPENDENCE | C34: 18701 E. 39TH ST | D34: INDEPNDENCE | E34: MO | F34: 64057 | G34: Erica Camargo | H34: DD | I34: ERIC MONTES | J34: WESTERN | K34: 31103 | L34: CORE | M34: NON | N34: -6 | O34: (816)795-7557 | P34: Andy Young | Q34: 303-901-9204 | R34: Dean Bilstein | S34: Mike Seymour | T34: Tim Kerum
A35: 84 | B35: FAIRFAX | C35: 9404 MAIN ST. | D35: FAIRFAX | E35: VA | F35: 22031 | G35: Clara Berientos | H35: S | I35: SUSAN JENSEN | J35: NORTHEAST | K35: 30672 | L35: CORE | M35: NON | N35: -5 | O35: (703)978-5756 | P35: Fredy Chavez (St) | Q35: 703 474-8417 | R35: Nery Melgar | S35: Chris Parenti | T35: Chris Kelly
A36: 87 | B36: LAUREL | C36: 937 FAIRLAWN AVE | D36: LAUREL | E36: MD | F36: 20707 | G36: Carolina Martinez | H36: SS | I36: MICHAEL SVOBODA | J36: NORTHEAST | K36: 30251 | L36: CORE | M36: NON | N36: -5 | O36: (301)498-1137 | P36: Rodney Anderson (ST) | Q36: 301 928-0089 | R36: Scott Whitsel | S36: Chris Parenti | T36: Chris Kelly
A37: 92 | B37: WALDORF | C37: 3241 PLAZA WAY | D37: WALDORF | E37: MD | F37: 20602 | G37: APRIL DIXON | H37: SS | I37: MICHAEL SVOBODA | J37: NORTHEAST | K37: 33687 | L37: CORE | M37: NON | N37: -5 | O37: (301)638-1022 | P37: Tony Flerlage (ST) | Q37: 301-643-0566 | R37: Scott Whitsel | S37: Chris Parenti | T37: Chris Kelly
A38: 95 | B38: CHINO | C38: 5250 PHILADELPHIA | D38: CHINO | E38: CA | F38: 91710 | G38: OSCAR GUZMAN | H38: Y | I38: ARSHAD KHAN | J38: WESTERN | K38: 32507 | L38: CORE | M38: NON | N38: -8 | O38: (909)591-0948 | P38: Carlos Jordan | Q38: 909-641-2944 | R38: Luis Torres | S38: Troy Chaney | T38: Tim Kerum
A39: 96 | B39: CASTLETON | C39: 5501 E 82ND ST | D39: INDIANAPOLIS | E39: IN | F39: 46250 | G39: Latiefah Stewart | H39: J | I39: MICHELE BEAVAN | J39: NORTHEAST | K39: 30069 | L39: CORE | M39: NON | N39: -5 | O39: (317)849-7325 | P39: Junior Escabedo | Q39: 317-201-2574 | R39: Kyle Christophel | S39: Mike Seymour | T39: Chris Kelly
A40: 97 | B40: NAPERVILLE | C40: 506 State Hwy 59 | D40: NAPERVILLE | E40: IL | F40: 60540 | G40: JAMES HAZARD | H40: HH | I40: REGINALD DAVENPORT | J40: NORTHEAST | K40: 30410 | L40: CORE | M40: NON | N40: -6 | O40: (630)778-9204 | P40: Adam Fortney (DT) | Q40: 630 302-8507 | R40: Adam Fortney | S40: Mike Seymour | T40: Chris Kelly
A41: 98 | B41: SAN ANTONIO-INGRAM | C41: 6874 INGRAM DR | D41: SAN ANTONIO | E41: TX | F41: 78238 | G41: Marisa Gaitan | H41: G | I41: WILLIAM PRESSEL | J41: SOUTHEAST | K41: 29747 | L41: CORE | M41: NON | N41: -6 | O41: (210)680-3796 | P41: Ruben Robinson | Q41: 210 288-7783 | R41: David Garibay | S41: David Garcia | T41: Bill Eich
... A44: 102 | B44: CINCINNATI-EASTGATE | C44: 4394 EASTGATE SQ DR_#900 | D44: CINCINNATI | E44: OH | F44: 45245 | G44: Jake Martin | H44: M | I44: ALI ELALI | J44: NORTHEAST | K44: 39685 | L44: CORE | M44: NON | N44: -5 | O44: (513)943-6390 | P44: Steven Barnett | Q44: 859 760-5369 | R44: Chris Monteleone | S44: Victor Ayrapetov | T44: Chris Kelly
A45: 103 | B45: STERLING HEIGHTS | C45: 13745 LAKESIDE CIRCLE | D45: STERLING HEIGHTS | E45: MI | F45: 48313 | H45: C | I45: CHAD ESTRADA | J45: NORTHEAST | K45: 36558 | L45: CORE | M45: NON | N45: -5 | O45: (586)532-1628 | P45: Jay Lawson | Q45: 586 855-4801 | R45: Scott Stout | S45: Victor Ayrapetov | T45: Chris Kelly
A46: 105 | B46: HUMBLE | C46: 124 EAST FM 1960 BYPASS | D46: HUMBLE | E46: TX | F46: 77338 | G46: Mary Ruscher | H46: VV | I46: FRANK RAMIREZ | J46: SOUTHEAST | K46: 36510 | L46: CORE | M46: NON | N46: -6 | O46: (281)446-7508 | P46: Jacob Auerbach | Q46: 832 564-8552 | R46: Hoang Dao | S46: David Garcia | T46: Bill Eich
A47: 108 | B47: REDWOOD CITY | C47: 2541-43 EL CAMINO REAL | D47: REDWOOD CITY | E47: CA | F47: 94063 | G47: Allan Guinto | H47: A | I47: YURI PENA | J47: WESTERN | K47: 36522 | L47: CORE | M47: NON | N47: -8 | O47: (650)568-4386 | R47: Austin Manzo | S47: Troy Chaney | T47: Tim Kerum
A48: 109 | B48: BURBANK | C48: 930 NORTH SAN FERNANDO | D48: BURBANK | E48: CA | F48: 91504 | G48: Amanda Barber | H48: I | I48: OCTAVIO CASTANEDA | J48: WESTERN | K48: 36522 | L48: CORE | M48: NON | N48: -8 | O48: (818)841-4386 | P48: Anabel Zamudio | Q48: 818-747-9019 | R48: Manuel Lopez | S48: Troy Chaney | T48: Tim Kerum
A49: 111 | B49: LOUISVILLE | C49: 2030 S HURSTBOURNE PKWY | D49: LOUISVILLE | E49: KY | F49: 40220 | G49: Parker Landry | H49: J | I49: MICHELE BEAVAN | J49: NORTHEAST | K49: 36527 | L49: CORE | M49: NON | N49: -6 | O49: (502)493-0261 | P49: Tyler Brady | Q49: 518-752-9194 | R49: Kyle Christophel | S49: Mike Seymour | T49: Chris Kelly
A50: 112 | B50: FLORENCE | C50: 7635 MALL ROAD | D50: FLORENCE | E50: KY | F50: 41042 | G50: Hally Thompson | H50: M | I50: ALI ELALI | J50: NORTHEAST | K50: 39685 | L50: CORE | M50: NON | N50: -6 | O50: (859)525-2620 | P50: Christpoher Walz | Q50: 859 907-7836 | R50: Chris Monteleone | S50: Victor Ayrapetov | T50: Chris Kelly
A51: 113 | B51: PADUCAH | C51: 5141 HINKLEVILLE ROAD | D51: PADUCAH | E51: KY | F51: 42001 | G51: RUBY POHLE | H51: R | I51: JIM HAMBLEN | J51: SOUTHEAST | K51: 40518 | L51: CORE | M51: NON | N51: -6 | O51: (270)442-5137 | P51: Scott Ellis | Q51: 931-801-1183 | R51: Steve Fraden | S51: Dennis Morgan | T51: Bill Eich
A52: 115 | B52: LITTLETON | C52: 7510 PARKWAY DR | D52: LITTLETON | E52: CO | F52: 80124 | G52: DAISY OCHOA | H52: II | I52: RYAN RODRIGUEZ | J52: WESTERN | K52: 36571 | L52: CORE | M52: NON | N52: -7 | O52: (303)792-5288 | P52: DUANE CRAWSHAW | Q52: 719 287-8693 | R52: Rocky Trevino | S52: Mike Seymour | T52: Tim Kerum
A53: 117 | B53: KENNESAW | C53: 827 BARRETT PARKWAY | D53: KENNESAW | E53: GA | F53: 30144 | G53: Willie Barnes | H53: FF | I53: JOSEPH RISNEAR | J53: SOUTHEAST | K53: 36483 | L53: CORE | M53: NON | N53: -5 | O53: (770)420-0505 | P53: Sonny Robinson | Q53: 470-331-8170 | R53: D. Jacobs | S53: Dennis Morgan | T53: Bill Eich
A54: 118 | B54: MANASSAS | C54: 7730 STREAMWALK LANE | D54: MANASSAS | E54: VA | F54: 20109 | G54: SUZANNE MORTON | H54: S | I54: SUSAN JENSEN | J54: NORTHEAST | K54: 36608 | L54: CORE | M54: NON | N54: -5 | O54: (703)393-8805 | P54: Nery Melgar (DT) | Q54: 703 347-1965 | R54: Nery Melgar | S54: Chris Parenti | T54: Chris Kelly
A55: 119 | B55: WINCHESTER | C55: 145 E TEVIS ST | D55: WINCHESTER | E55: VA | F55: 22601 | G55: Megan clower | H55: S | I55: SUSAN JENSEN | J55: NORTHEAST | K55: 41498 | L55: CORE | M55: NON | N55: -5 | O55: (540)662-2462 | P55: Carlos Caero | Q55: 703-347-1965 | R55: Robert Lane | S55: Chris Parenti | T55: Chris Kelly
A56: 120 | B56: SALT LAKE CITY | C56: 389 W. 1830 SOUTH STE 700 | D56: SALT LAKE CITY | E56: UT | F56: 84115 | G56: TRISHA WHITNEY | H56: II | I56: RYAN RODRIGUEZ | J56: WESTERN | K56: 41477 | L56: CORE | M56: NON | N56: -7 | O56: (801)487-1311 | P56: Steven Brooks | Q56: 801 243-9128 | R56: Rocky Trevino | S56: Mike Seymour | T56: Tim Kerum
A57: 121 | B57: WINSTON-SALEM | C57: 620 HANES MALL BLVD | D57: WINSTON-SALEM | E57: NC | F57: 27103 | G57: Joseph Biviano | H57: JJ | I57: HASHEM SAADAT | J57: SOUTHEAST | K57: 36533 | L57: CORE | M57: NON | N57: -5 | O57: (336)774-3722 | P57: Roger Adkins | Q57: 336-909-5037 | R57: Sean Brady | S57: Dennis Morgan | T57: Bill Eich
A58: 200 | B58: MODESTO | C58: 3037 SISK ROAD #J | D58: MODESTO | E58: CA | F58: 95352 | G58: Daniel Oswald | H58: E | I58: Adam Shafran | J58: WESTERN | K58: 38530 | L58: CORE | M58: NON | N58: -8 | O58: (209)524-0713 | P58: Albino Ramirez | Q58: 209 605-3185 | R58: Albino Ramirez | S58: Troy Chaney | T58: Tim Kerum
A59: 201 | B59: CHANDLER | C59: 2977 W. FRYE ROAD | D59: CHANDLER | E59: AZ | F59: 85224 | G59: Brandy Brown | H59: T | I59: LOUIS DEIGNAN | J59: WESTERN | K59: 44545 | L59: CORE | M59: NON | N59: -7 | O59: (480)741-3535 | P59: Louis Valverde | Q59: 562 619-8634 | R59: Clarence Davidson | S59: Troy Chaney | T59: Tim Kerum
... A63: 205 | B63: EASTON | C63: 3886 MORSE RD. | D63: EASTON | E63: OH | F63: 43230 | G63: Michael Windau | H63: M | I63: ALI ELALI | J63: NORTHEAST | K63: 44970 | L63: CORE | M63: NON | N63: -5 | O63: 380-219-3950 | P63: Tyler Hebblethwaite | Q63: 614-371-7110 | R63: Chris Monteleone | S63: Victor Ayrapetov | T63: Chris Kelly
A64: 206 | B64: VALLEY STREAM | C64: 750 SUNRISE HIGHWAY SUITE 105 | D64: VALLEY STREAM | E64: NY | F64: 11581 | G64: Alex Pringle (Sr GM) | H64: N | I64: Daniel de los Santos | J64: NORTHEAST | K64: 45644 | N64: -5 | O64: (516)234-5535 | P64: Mike Posa (Sr Tech) | Q64: 516 526 4118 | R64: Vinnie Maffea | S64: Chris Parenti | T64: Chris Kelly
A65: 207 | B65: SANTEE | C65: 275 TOWN CENTER PKWY | D65: SANTEE | E65: CA | F65: 92071 | G65: CARLOS AMARO | H65: MM | I65: PATTY CEDILLO | J65: WESTERN | K65: 45187 | L65: CORE | M65: NON | N65: -8 | O65: (619)345-0343 | P65: Juan Paredes | Q65: 442-295-8060 | S65: Troy Chaney | T65: Tim Kerum
A66: 208 | B66: NORTH LAS VEGAS | C66: 755 W Craig Rd North | D66: LAS VEGAS | E66: NV | F66: 89032 | G66: Maggie | H66: T | I66: LOUIS DEIGNAN | J66: WESTERN | L66: CORE | M66: NON | N66: -8 | O66: 725 246-1332 | P66: Timothy Wooters(ST) | Q66: 702 768-0825 | R66: Clarence Davidson | S66: Troy Chaney | T66: Tim Kerum
A67: 209 | B67: BILLINGS | C67: 100 24TH ST | D67: BILLINGS | E67: MT | F67: 59102 | G67: JEFF BRYSON | H67: II | I67: RYAN RODRIGUEZ | J67: WESTERN | K67: 44896 | L67: CORE | M67: NON | N67: -7 | O67: (406)656-4171 | P67: JEFF BRYSON | Q67: 406 208 3308 | R67: Rocky Trevino | S67: Mike Seymour | T67: Tim Kerum
A68: 211 | B68: ALLEN | C68: 2265 N Central Expy | D68: Allen | E68: TX | F68: 75013 | G68: Davina Farias | H68: PP | I68: KELLI KASPER | J68: SOUTHEAST | K68: 12.2024 | L68: CORE | M68: NON | N68: -6 | O68: (940)383-2895 | P68: Jacob Jones ST | Q68: 207 232-0142 | R68: Mike Kralick | S68: David Garcia | T68: Bill Eich
A69: 212 | B69: WHITTIER | C69: 13400 WHITTIER BLVD | D69: WHITTIER | E69: CA | F69: 90605 | G69: JOSEPH OLIVO (SG) | H69: X | I69: CLAUDIA RIVAS | J69: WESTERN | K69: 10142024 | L69: CORE | M69: NEW | N69: -8 | O69: 562-573-4565 | P69: BYRON GARCIA (ST) | Q69: 562-445-6968 | R69: JOAQUIN FREGOSO | S69: Troy Chaney | T69: Tim Kerum
A70: 214 | B70: BEAVERTON | C70: 4145 SW 110th AVE | D70: BEAVERTON | E70: OR | F70: 97005 | G70: Billy Groves | H70: YY | I70: TONY REYNOLDS | J70: WESTERN | K70: 44956 | L70: CORE | M70: NON | N70: -8 | O70: 503-644-1597 | P70: Bob Ferguson | Q70: 503-464-6225 | R70: Devin Magle | S70: Mike Seymour | T70: Tim Kerum
A71: 216 | B71: Medford | C71: 293 E Barnett Rd | D71: Medford | E71: Oregon | F71: 97501 | G71: Matthew Ciraulo | H71: YY | I71: Tony Reynolds | J71: WESTERN | N71: 0 | O71: 541-526-4270 | P71: Open | Q71: 541-601-9071 | R71: Devin Magle | S71: Mike Seymour | T71: Tim Kerum
A72: 217 | B72: Riverdale | C72: 4101 Riverdale Rd | D72: Riverdale | E72: UT | F72: 84405 | H72: II | I72: RYAN RODRIGUEZ | J72: WESTERN | L72: CORE | M72: NON | N72: -7 | O72: (385) 438-9495 | R72: Rocky Trevino | S72: Mike Seymour | T72: Tim Kerum
A73: 218 | B73: Buffalo | C73: 2638 Delaware Ave | D73: Buffalo | E73: NY | F73: 14216 | G73: Ashley Victor | H73: L | I73: Dennis Sanders | J73: NORTHEAST | K73: 11222024 | L73: CORE | N73: -5 | O73: 716-461-6166 | P73: Jeff Trembath | Q73: 7169397749 | R73: Jason Rafun | S73: Victor Ayrapetov | T73: Chris Kelly
A74: 220 | B74: Ward Parkway | H74: KK | I74: Eric Montes | J74: WESTERN | N74: 0 | O74: 816-441-5559 | P74: Dean Bilistein | R74: Dean Bilstein | S74: Mike Seymour | T74: Tim Kerum
A75: 300 | B75: OLYMPIA | C75: 625 BLACK LAKE BLVD. #101 | D75: OLYMPIA | E75: WA | F75: 98502 | G75: Matthew Ciraulo | H75: YY | I75: TONY REYNOLDS | J75: WESTERN | K75: 38351 | L75: CORE | M75: NON | N75: -8 | O75: (360)943-7695 | P75: Marco Molinari | Q75: 909-800-3955 | R75: Devin Magle | S75: Mike Seymour | T75: Tim Kerum
A76: 301 | B76: FORT SMITH | C76: 1200 WALDRON #148 | D76: FORT SMITH | E76: AR | F76: 72903 | G76: Shay Judy | H76: B | I76: TODD BELL | J76: SOUTHEAST | K76: 33147 | L76: CORE | M76: NON | N76: -6 | O76: (479)452-5230 | P76: Jonathan Villegas | Q76: 479 561-7935 | R76: James Banks | S76: David Garcia | T76: Bill Eich
A77: 304 | B77: NORTH LITTLE ROCK | C77: 4120 LANDERS ROAD | D77: N LITTLE ROCK | E77: AR | F77: 72117 | G77: ANTHONY ROCHELLE | H77: B | I77: TODD BELL | J77: SOUTHEAST | K77: 35825 | L77: CORE | M77: NON | N77: -6 | O77: (501)945-4795 | P77: James Banks (DT) | Q77: 501 247-1789 | R77: James Banks | S77: David Garcia | T77: Bill Eich
A78: 306 | B78: KENT | C78: 25817 104TH AVENUE SE | D78: KENT | E78: WA | F78: 98031 | G78: Rian Coffey | H78: YY | I78: TONY REYNOLDS | J78: WESTERN | K78: 37893 | L78: CORE | M78: NON | N78: -8 | O78: (253)813-3923 | P78: OPEN | R78: Devin Magle | S78: Mike Seymour | T78: Tim Kerum
A79: 307 | B79: LAS CRUCES | C79: 700 S. TELSHOR | D79: LAS CRUCES | E79: NM | F79: 88011 | G79: Shaleen Acosta | H79: T | I79: LOUIS DEIGNAN | J79: WESTERN | K79: 38106 | L79: CORE | M79: NON | N79: -7 | O79: (575)521-3624 | P79: Saul Banuelos (ST) | Q79: 575-805-1674 | R79: Clarence Davidson | S79: Troy Chaney | T79: Tim Kerum
A80: 308 | B80: WEST LAS VEGAS | C80: 4175 S GRAND CANYON #111 | D80: LAS VEGAS | E80: NV | F80: 89147 | G80: Nicole Champion | H80: T | I80: LOUIS DEIGNAN | J80: WESTERN | K80: 38005 | L80: CORE | M80: NON | N80: -8 | O80: (702)255-8338 | P80: Christopher Gibson | Q80: 702 409-2945 | R80: Clarence Davidson | S80: Troy Chaney | T80: Tim Kerum
A81: 309 | B81: WICHITA FALLS | C81: 2935 S W PARKWAY | D81: WICHITA FALL | E81: TX | F81: 76308 | G81: Nicholas Milyiori | H81: UU | I81: ERIC BARGAS | J81: SOUTHEAST | K81: 30216 | L81: CORE | M81: NON | N81: -6 | O81: (940)692-6945 | P81: Brendan Lane | Q81: 940 249-7347 | R81: Jose Sandoval | S81: David Garcia | T81: Bill Eich
A82: 310 | B82: DENTON | C82: 341 SOUTH I-35E | D82: DENTON | E82: TX | F82: 76205 | G82: Nicole Lafrance | H82: PP | I82: KELLI KASPER | J82: SOUTHEAST | K82: 37579 | L82: CORE | M82: NON | N82: -6 | O82: 940-594-6989 | P82: Jacob Jones ST | Q82: 207 232-0142 | R82: Mike Kralick | S82: David Garcia | T82: Bill Eich
A83: 311 | B83: LAS VEGAS SOUTHEAST | C83: 9230 S. EATERN AVE | D83: LAS VEGAS | E83: NV | F83: 89123 | G83: Leonor Alvarez | H83: T | I83: LOUIS DEIGNAN | J83: WESTERN | K83: 37432 | L83: CORE | M83: NON | N83: -8 | O83: (702)269-7594 | P83: Thomas Anderson(ST) | Q83: 530 737-7090 | R83: Clarence Davidson | S83: Troy Chaney | T83: Tim Kerum
A84: 312 | B84: FAYETTEVILLE | C84: 2999 N. COLLEGE AVE S.12 | D84: FAYETTEVILLE | E84: AR | F84: 72703 | G84: Amelia Adams | H84: B | I84: TODD BELL | J84: SOUTHEAST | K84: 40446 | L84: CORE | M84: NON | N84: -6 | O84: (479)443-1301 | P84: Austin Tiritilli | Q84: 479 530-7721 | R84: Chris Smith | S84: David Garcia | T84: Bill Eich
A85: 313 | B85: NELLIS | C85: 350 N. NELLIS BLVD STE100 | D85: LAS VEGAS | E85: NV | F85: 89110 | G85: Margarita Andrade | H85: T | I85: LOUIS DEIGNAN | J85: WESTERN | K85: 40518 | L85: CORE | M85: NON | N85: -8 | O85: (702)437-0807 | P85: Timothy Wooters(ST) | Q85: 702 768-0825 | R85: Clarence Davidson | S85: Troy Chaney | T85: Tim Kerum
A86: 314 | B86: HENDERSON | C86: 1521 W. SUNSET RD | D86: HENDERSON | E86: NV | F86: 89014 | G86: Robbie Marcum | H86: T | I86: LOUIS DEIGNAN | J86: WESTERN | K86: 36291 | L86: CORE | M86: NON | N86: -8 | O86: (702)547-0450 | P86: Thomas Anderson(ST) | Q86: 530 737-7090 | R86: Clarence Davidson | S86: Troy Chaney | T86: Tim Kerum
A87: 315 | B87: LAS VEGAS | C87: 7381 WEST LAKE MEAD BLVD. | D87: LAS VEGAS | E87: NV | F87: 89128 | G87: Leonor Alvarez | H87: T | I87: LOUIS DEIGNAN | J87: WESTERN | K87: 36160 | L87: CORE | M87: NON | N87: -8 | O87: (702)243-3222 | P87: Clarence Davidson (DT) | Q87: 702 815-5074 | R87: Clarence Davidson | S87: Troy Chaney | T87: Tim Kerum
A88: 316 | B88: RENO | C88: 5000 SMITHRIDGE DRIVE | D88: RENO | E88: NV | F88: 89502 | G88: CHRISTINA LAU | H88: E | I88: Adam Shafran | J88: WESTERN | K88: 33749 | L88: CORE | M88: NON | N88: -8 | O88: (775)827-5160 | P88: John Wells | Q88: 775 303-5719 | R88: Albino Ramirez | S88: Troy Chaney | T88: Tim Kerum
A89: 318 | B89: SALINAS | C89: 1447 N. DAVIS RD. | D89: SALINAS | E89: CA | F89: 93907 | G89: Courtney Irwin | H89: A | I89: YURI PENA | J89: WESTERN | K89: 36067 | L89: CORE | M89: NON | N89: -8 | O89: (831) 753-6734 | P89: Christopher Littlefield | Q89: 831 917-5675 | R89: Austin Manzo | S89: Troy Chaney | T89: Tim Kerum
A90: 319 | B90: GREEN BAY | C90: 1273 LOMBARDI ACCESS DR | D90: GREENBAY | E90: WI | F90: 54304 | G90: Lynn McCarrell | H90: OO | I90: TROY WATRING | J90: NORTHEAST | K90: 30252 | L90: CORE | M90: NON | N90: -6 | O90: (920)497-0379 | P90: Jeremiah Maadows | Q90: 920 737-1796 | R90: Joe Hazard | S90: Mike Seymour | T90: Chris Kelly
... A102: 336 | B102: SAGINAW | C102: 5105 BAY RD. | D102: SAGINAW | E102: MI | F102: 48604 | G102: TREVANTE WOODS | H102: C | I102: CHAD ESTRADA | J102: NORTHEAST | K102: 30237 | L102: CORE | M102: NON | N102: -5 | O102: (989)791-1117 | P102: Eric Bendel | Q102: 989 770-6301 | R102: Scott Stout | S102: Victor Ayrapetov | T102: Chris Kelly
A103: 338 | B103: BURLINGTON | C103: 621 CASCADE MALL BLVD. | D103: BURLINGTON | E103: WA | F103: 98233 | G103: Rob Seyler | H103: YY | I103: TONY REYNOLDS | J103: WESTERN | K103: 37545 | L103: CORE | M103: NON | N103: -8 | O103: (360)757-7336 | P103: Ashton Hutchinson | R103: Devin Magle | S103: Mike Seymour | T103: Tim Kerum
A104: 339 | B104: COTTONWOOD | C104: 10510 COORS BLVD | D104: ALBUQUERQUE | E104: NM | F104: 87114 | G104: Ruben Torres | H104: T | I104: LOUIS DEIGNAN | J104: WESTERN | K104: 37784 | L104: CORE | M104: NON | N104: -7 | O104: (505)897-1885 | P104: Desiree Aragon (ST) | Q104: 505 362-5766 | R104: Clarence Davidson | S104: Troy Chaney | T104: Tim Kerum
A105: 340 | B105: CLARKSVILLE | C105: 1100 LEWIS & CLARK PKWY | D105: CLARKSVILLE | E105: IN | F105: 47129 | G105: Ayrwen | H105: J | I105: MICHELE BEAVAN | J105: NORTHEAST | K105: 37936 | L105: CORE | M105: NON | N105: -5 | O105: (812)218-9790 | P105: Kyle Christophel | Q105: 812-341-6771 | R105: Kyle Christophel | S105: Mike Seymour | T105: Chris Kelly
A106: 341 | B106: KOKOMO | C106: 1919 SOUTH REED ROAD | D106: KOKOMO | E106: IN | F106: 46902 | G106: Justin Clark | H106: J | I106: MICHELE BEAVAN | J106: NORTHEAST | K106: 38083 | L106: CORE | M106: NON | N106: -5 | O106: (765)854-1490 | P106: Matt Brown | Q106: 765-244-0150 | R106: Kyle Christophel | S106: Mike Seymour | T106: Chris Kelly
A107: 343 | B107: SPOKANE | C107: 10007 N. Nevada St. | D107: Spokane | E107: WA | F107: 99218 | G107: Jon Franks | H107: YY | I107: TONY REYNOLDS | J107: WESTERN | M107: NON | N107: -8 | O107: 509 467-3566 | P107: Daren Ellis (MT) | Q107: 509-389-7271 | R107: Devin Magle | S107: Mike Seymour | T107: Tim Kerum
A108: 344 | B108: SPOKANE VALLEY | C108: 14919 East Sprague Ave. | D108: Spokane Valley | E108: WA | F108: 99216 | G108: Jon Franks | H108: YY | I108: TONY REYNOLDS | J108: WESTERN | M108: NON | N108: -8 | O108: 509 924-3000 | P108: Darren Ellis (MT) | Q108: 509-960-1672 | R108: Devin Magle | S108: Mike Seymour | T108: Tim Kerum
A109: 345 | B109: BLOOMINGTON | C109: 1701 EMPIRE | D109: BLOOMINGTON | E109: IL | F109: 61704 | G109: CHRISTIE TRUNNELL | H109: HH | I109: REGINALD DAVENPORT | J109: NORTHEAST | K109: 37466 | L109: CORE | M109: NON | N109: -6 | O109: (309)663-4486 | P109: Michael Hintz | Q109: 309-363-8693 | R109: James Schwab | S109: Mike Seymour | T109: Chris Kelly
A110: 346 | B110: GREENWOOD | C110: 8804 SOUTH US 31 | D110: INDIANAPOLIS | E110: IN | F110: 46227 | G110: Michael O'leary | H110: J | I110: MICHELE BEAVAN | J110: NORTHEAST | K110: 30265 | L110: CORE | M110: NON | N110: -5 | O110: (317)887-0647 | P110: Kyle Christophel | Q110: 812-341-6771 | R110: Kyle Christophel | S110: Mike Seymour | T110: Chris Kelly
A111: 348 | B111: HOBART | C111: 2961 E. 80TH AVENUE | D111: MERRILLVILLE | E111: IN | F111: 46410 | G111: TIM SNOWDEN | H111: HH | I111: REGINALD DAVENPORT | J111: NORTHEAST | K111: 36527 | L111: CORE | M111: NON | N111: -5 | O111: (219)947-9724 | P111: Tyler Berns | Q111: 219-508-7599 | R111: Justin Miano | S111: Mike Seymour | T111: Chris Kelly
A112: 349 | B112: BATAVIA | C112: 511 N. RANDALL ROAD | D112: BATAVIA | E112: IL | F112: 60510 | G112: Rolando Hernandez | H112: HH | I112: REGINALD DAVENPORT | J112: NORTHEAST | K112: 36584 | L112: CORE | M112: CAN | N112: -6 | O112: (630)482-2374 | P112: Tim Ellison | Q112: 630 806-6464 | R112: Justin Miano | S112: Mike Seymour | T112: Chris Kelly
A113: 353 | B113: PALM DESERT | C113: 72513 HWY 111,STE.B | D113: PALM DESERT | E113: CA | F113: 92260 | G113: ANTHONY AVALOS | H113: MM | I113: PATTY CEDILLO | J113: WESTERN | K113: 36165 | L113: CORE | M113: NON | N113: -8 | O113: (760)341-3964 | P113: Jose Badilla | Q113: 760 880-4445 | S113: Troy Chaney | T113: Tim Kerum
A114: 355 | B114: VALENCIA | C114: 25955 N. THE OLD ROAD | D114: VALENCIA | E114: CA | F114: 91381 | G114: Jessica Perez | H114: I | I114: OCTAVIO CASTANEDA | J114: WESTERN | K114: 35858 | L114: CORE | M114: NON | N114: -8 | O114: (661)260-1773 | P114: Manuel Lopez | Q114: 818-231-6465 | R114: Manuel Lopez | S114: Troy Chaney | T114: Tim Kerum
A115: 356 | B115: VICTORVILLE | C115: 12790 AMARGOSA RD | D115: VICTORVILLE | E115: CA | F115: 92392 | G115: PAMALA GUERRERO | H115: Y | I115: ARSHAD KHAN | J115: WESTERN | K115: 36508 | L115: CORE | M115: NON | N115: -8 | O115: (760)843-9730 | P115: Marcos Villela | Q115: 760 680-9651 | R115: Luis Torres | S115: Troy Chaney | T115: Tim Kerum
A116: 357 | B116: LAKEWOOD | C116: 5151 LAKEWOOD BLVD. | D116: LAKEWOOD | E116: CA | F116: 90712 | G116: ERAKLIO LARRANAGA | H116: X | I116: CLAUDIA RIVAS | J116: WESTERN | K116: 30399 | L116: CORE | M116: NON | N116: -8 | O116: (562)634-5521 | P116: BYRON GARCIA (ST) | Q116: 562-445-6968 | R116: JOAQUIN FREGOSO | S116: Troy Chaney | T116: Tim Kerum
...

Sheet site check
A1: AvTPT(Source) | B1: rolling | C1: w2w | D1: p2p | E1: mismatch
A2: ='Average TPT Report'!F3 -> 31 | B2: ='Rolling 3 weeks'!F3 -> 31 | C2: ='Week to Week '!F5 -> 31 | D2: ='Period to Period'!F5 -> 31 | E2: =IF(A2>0,(IF(_xlfn.NUMBERVALUE(A2)=_xlfn.NUMBERVALUE(B2),IF(_xlfn.NUMBERVALUE(B2)=_xlfn.NUMBERVALUE(C2),(IF(_xlfn.NUMBERVALUE(B2)=_xlfn.NUMBERVALUE(D2),"","X")),"X"))),"blank")
A3: ='Average TPT Report'!F4 -> 32 | B3: ='Rolling 3 weeks'!F4 -> 32 | C3: ='Week to Week '!F6 -> 32 | D3: ='Period to Period'!F6 -> 32 | E3: =IF(A3>0,(IF(_xlfn.NUMBERVALUE(A3)=_xlfn.NUMBERVALUE(B3),IF(_xlfn.NUMBERVALUE(B3)=_xlfn.NUMBERVALUE(C3),(IF(_xlfn.NUMBERVALUE(B3)=_xlfn.NUMBERVALUE(D3),"","X")),"X"))),"blank")
A4: ='Average TPT Report'!F5 -> 33 | B4: ='Rolling 3 weeks'!F5 -> 33 | C4: ='Week to Week '!F7 -> 33 | D4: ='Period to Period'!F7 -> 33 | E4: =IF(A4>0,(IF(_xlfn.NUMBERVALUE(A4)=_xlfn.NUMBERVALUE(B4),IF(_xlfn.NUMBERVALUE(B4)=_xlfn.NUMBERVALUE(C4),(IF(_xlfn.NUMBERVALUE(B4)=_xlfn.NUMBERVALUE(D4),"","X")),"X"))),"blank")
A5: ='Average TPT Report'!F6 -> 35 | B5: ='Rolling 3 weeks'!F6 -> 35 | C5: ='Week to Week '!F8 -> 35 | D5: ='Period to Period'!F8 -> 35 | E5: =IF(A5>0,(IF(_xlfn.NUMBERVALUE(A5)=_xlfn.NUMBERVALUE(B5),IF(_xlfn.NUMBERVALUE(B5)=_xlfn.NUMBERVALUE(C5),(IF(_xlfn.NUMBERVALUE(B5)=_xlfn.NUMBERVALUE(D5),"","X")),"X"))),"blank")
A6: ='Average TPT Report'!F7 -> 38 | B6: ='Rolling 3 weeks'!F7 -> 38 | C6: ='Week to Week '!F9 -> 38 | D6: ='Period to Period'!F9 -> 38 | E6: =IF(A6>0,(IF(_xlfn.NUMBERVALUE(A6)=_xlfn.NUMBERVALUE(B6),IF(_xlfn.NUMBERVALUE(B6)=_xlfn.NUMBERVALUE(C6),(IF(_xlfn.NUMBERVALUE(B6)=_xlfn.NUMBERVALUE(D6),"","X")),"X"))),"blank")
A7: ='Average TPT Report'!F8 -> 39 | B7: ='Rolling 3 weeks'!F8 -> 39 | C7: ='Week to Week '!F10 -> 39 | D7: ='Period to Period'!F10 -> 39 | E7: =IF(A7>0,(IF(_xlfn.NUMBERVALUE(A7)=_xlfn.NUMBERVALUE(B7),IF(_xlfn.NUMBERVALUE(B7)=_xlfn.NUMBERVALUE(C7),(IF(_xlfn.NUMBERVALUE(B7)=_xlfn.NUMBERVALUE(D7),"","X")),"X"))),"blank")
A8: ='Average TPT Report'!F9 -> 41 | B8: ='Rolling 3 weeks'!F9 -> 41 | C8: ='Week to Week '!F11 -> 41 | D8: ='Period to Period'!F11 -> 41 | E8: =IF(A8>0,(IF(_xlfn.NUMBERVALUE(A8)=_xlfn.NUMBERVALUE(B8),IF(_xlfn.NUMBERVALUE(B8)=_xlfn.NUMBERVALUE(C8),(IF(_xlfn.NUMBERVALUE(B8)=_xlfn.NUMBERVALUE(D8),"","X")),"X"))),"blank")
A9: ='Average TPT Report'!F10 -> 42 | B9: ='Rolling 3 weeks'!F10 -> 42 | C9: ='Week to Week '!F12 -> 42 | D9: ='Period to Period'!F12 -> 42 | E9: =IF(A9>0,(IF(_xlfn.NUMBERVALUE(A9)=_xlfn.NUMBERVALUE(B9),IF(_xlfn.NUMBERVALUE(B9)=_xlfn.NUMBERVALUE(C9),(IF(_xlfn.NUMBERVALUE(B9)=_xlfn.NUMBERVALUE(D9),"","X")),"X"))),"blank")
A10: ='Average TPT Report'!F11 -> 43 | B10: ='Rolling 3 weeks'!F11 -> 43 | C10: ='Week to Week '!F13 -> 43 | D10: ='Period to Period'!F13 -> 43 | E10: =IF(A10>0,(IF(_xlfn.NUMBERVALUE(A10)=_xlfn.NUMBERVALUE(B10),IF(_xlfn.NUMBERVALUE(B10)=_xlfn.NUMBERVALUE(C10),(IF(_xlfn.NUMBERVALUE(B10)=_xlfn.NUMBERVALUE(D10),"","X")),"X"))),"blank")
A11: ='Average TPT Report'!F12 -> 45 | B11: ='Rolling 3 weeks'!F12 -> 45 | C11: ='Week to Week '!F14 -> 45 | D11: ='Period to Period'!F14 -> 45 | E11: =IF(A11>0,(IF(_xlfn.NUMBERVALUE(A11)=_xlfn.NUMBERVALUE(B11),IF(_xlfn.NUMBERVALUE(B11)=_xlfn.NUMBERVALUE(C11),(IF(_xlfn.NUMBERVALUE(B11)=_xlfn.NUMBERVALUE(D11),"","X")),"X"))),"blank")
A12: ='Average TPT Report'!F13 -> 47 | B12: ='Rolling 3 weeks'!F13 -> 47 | C12: ='Week to Week '!F15 -> 47 | D12: ='Period to Period'!F15 -> 47 | E12: =IF(A12>0,(IF(_xlfn.NUMBERVALUE(A12)=_xlfn.NUMBERVALUE(B12),IF(_xlfn.NUMBERVALUE(B12)=_xlfn.NUMBERVALUE(C12),(IF(_xlfn.NUMBERVALUE(B12)=_xlfn.NUMBERVALUE(D12),"","X")),"X"))),"blank")
A13: ='Average TPT Report'!F14 -> 48 | B13: ='Rolling 3 weeks'!F14 -> 48 | C13: ='Week to Week '!F16 -> 48 | D13: ='Period to Period'!F16 -> 48 | E13: =IF(A13>0,(IF(_xlfn.NUMBERVALUE(A13)=_xlfn.NUMBERVALUE(B13),IF(_xlfn.NUMBERVALUE(B13)=_xlfn.NUMBERVALUE(C13),(IF(_xlfn.NUMBERVALUE(B13)=_xlfn.NUMBERVALUE(D13),"","X")),"X"))),"blank")
... A73: ='Average TPT Report'!F74 -> 218 | B73: ='Rolling 3 weeks'!F74 -> 218 | C73: ='Week to Week '!F76 -> 218 | D73: ='Period to Period'!F76 -> 218 | E73: =IF(A73>0,(IF(_xlfn.NUMBERVALUE(A73)=_xlfn.NUMBERVALUE(B73),IF(_xlfn.NUMBERVALUE(B73)=_xlfn.NUMBERVALUE(C73),(IF(_xlfn.NUMBERVALUE(B73)=_xlfn.NUMBERVALUE(D73),"","X")),"X"))),"blank")
A74: ='Average TPT Report'!F75 -> 300 | B74: ='Rolling 3 weeks'!#REF! -> #REF! | C74: ='Week to Week '!#REF! -> #REF! | D74: ='Period to Period'!#REF! -> #REF! | E74: =IF(A74>0,(IF(_xlfn.NUMBERVALUE(A74)=_xlfn.NUMBERVALUE(B74),IF(_xlfn.NUMBERVALUE(B74)=_xlfn.NUMBERVALUE(C74),(IF(_xlfn.NUMBERVALUE(B74)=_xlfn.NUMBERVALUE(D74),"","X")),"X"))),"blank") -> #REF!
A75: ='Average TPT Report'!F76 -> 301 | B75: ='Rolling 3 weeks'!F75 -> 300 | C75: ='Week to Week '!F77 -> 300 | D75: ='Period to Period'!F77 -> 300 | E75: =IF(A75>0,(IF(_xlfn.NUMBERVALUE(A75)=_xlfn.NUMBERVALUE(B75),IF(_xlfn.NUMBERVALUE(B75)=_xlfn.NUMBERVALUE(C75),(IF(_xlfn.NUMBERVALUE(B75)=_xlfn.NUMBERVALUE(D75),"","X")),"X"))),"blank") -> FALSE
A76: ='Average TPT Report'!F77 -> 304 | B76: ='Rolling 3 weeks'!F76 -> 301 | C76: ='Week to Week '!F78 -> 301 | D76: ='Period to Period'!F78 -> 301 | E76: =IF(A76>0,(IF(_xlfn.NUMBERVALUE(A76)=_xlfn.NUMBERVALUE(B76),IF(_xlfn.NUMBERVALUE(B76)=_xlfn.NUMBERVALUE(C76),(IF(_xlfn.NUMBERVALUE(B76)=_xlfn.NUMBERVALUE(D76),"","X")),"X"))),"blank") -> FALSE
A77: ='Average TPT Report'!F78 -> 306 | B77: ='Rolling 3 weeks'!F77 -> 304 | C77: ='Week to Week '!F79 -> 304 | D77: ='Period to Period'!F79 -> 304 | E77: =IF(A77>0,(IF(_xlfn.NUMBERVALUE(A77)=_xlfn.NUMBERVALUE(B77),IF(_xlfn.NUMBERVALUE(B77)=_xlfn.NUMBERVALUE(C77),(IF(_xlfn.NUMBERVALUE(B77)=_xlfn.NUMBERVALUE(D77),"","X")),"X"))),"blank") -> FALSE
A78: ='Average TPT Report'!F79 -> 307 | B78: ='Rolling 3 weeks'!F78 -> 306 | C78: ='Week to Week '!F80 -> 306 | D78: ='Period to Period'!F80 -> 306 | E78: =IF(A78>0,(IF(_xlfn.NUMBERVALUE(A78)=_xlfn.NUMBERVALUE(B78),IF(_xlfn.NUMBERVALUE(B78)=_xlfn.NUMBERVALUE(C78),(IF(_xlfn.NUMBERVALUE(B78)=_xlfn.NUMBERVALUE(D78),"","X")),"X"))),"blank") -> FALSE
A79: ='Average TPT Report'!F80 -> 308 | B79: ='Rolling 3 weeks'!F79 -> 307 | C79: ='Week to Week '!F81 -> 307 | D79: ='Period to Period'!F81 -> 307 | E79: =IF(A79>0,(IF(_xlfn.NUMBERVALUE(A79)=_xlfn.NUMBERVALUE(B79),IF(_xlfn.NUMBERVALUE(B79)=_xlfn.NUMBERVALUE(C79),(IF(_xlfn.NUMBERVALUE(B79)=_xlfn.NUMBERVALUE(D79),"","X")),"X"))),"blank") -> FALSE
A80: ='Average TPT Report'!F81 -> 309 | B80: ='Rolling 3 weeks'!F80 -> 308 | C80: ='Week to Week '!F82 -> 308 | D80: ='Period to Period'!F82 -> 308 | E80: =IF(A80>0,(IF(_xlfn.NUMBERVALUE(A80)=_xlfn.NUMBERVALUE(B80),IF(_xlfn.NUMBERVALUE(B80)=_xlfn.NUMBERVALUE(C80),(IF(_xlfn.NUMBERVALUE(B80)=_xlfn.NUMBERVALUE(D80),"","X")),"X"))),"blank") -> FALSE
A81: ='Average TPT Report'!F82 -> 310 | B81: ='Rolling 3 weeks'!F81 -> 309 | C81: ='Week to Week '!F83 -> 309 | D81: ='Period to Period'!F83 -> 309 | E81: =IF(A81>0,(IF(_xlfn.NUMBERVALUE(A81)=_xlfn.NUMBERVALUE(B81),IF(_xlfn.NUMBERVALUE(B81)=_xlfn.NUMBERVALUE(C81),(IF(_xlfn.NUMBERVALUE(B81)=_xlfn.NUMBERVALUE(D81),"","X")),"X"))),"blank") -> FALSE
A82: ='Average TPT Report'!F83 -> 311 | B82: ='Rolling 3 weeks'!F82 -> 310 | C82: ='Week to Week '!F84 -> 310 | D82: ='Period to Period'!F84 -> 310 | E82: =IF(A82>0,(IF(_xlfn.NUMBERVALUE(A82)=_xlfn.NUMBERVALUE(B82),IF(_xlfn.NUMBERVALUE(B82)=_xlfn.NUMBERVALUE(C82),(IF(_xlfn.NUMBERVALUE(B82)=_xlfn.NUMBERVALUE(D82),"","X")),"X"))),"blank") -> FALSE
A83: ='Average TPT Report'!F84 -> 312 | B83: ='Rolling 3 weeks'!F83 -> 311 | C83: ='Week to Week '!F85 -> 311 | D83: ='Period to Period'!F85 -> 311 | E83: =IF(A83>0,(IF(_xlfn.NUMBERVALUE(A83)=_xlfn.NUMBERVALUE(B83),IF(_xlfn.NUMBERVALUE(B83)=_xlfn.NUMBERVALUE(C83),(IF(_xlfn.NUMBERVALUE(B83)=_xlfn.NUMBERVALUE(D83),"","X")),"X"))),"blank") -> FALSE
A84: ='Average TPT Report'!F85 -> 313 | B84: ='Rolling 3 weeks'!F84 -> 312 | C84: ='Week to Week '!F86 -> 312 | D84: ='Period to Period'!F86 -> 312 | E84: =IF(A84>0,(IF(_xlfn.NUMBERVALUE(A84)=_xlfn.NUMBERVALUE(B84),IF(_xlfn.NUMBERVALUE(B84)=_xlfn.NUMBERVALUE(C84),(IF(_xlfn.NUMBERVALUE(B84)=_xlfn.NUMBERVALUE(D84),"","X")),"X"))),"blank") -> FALSE
A85: ='Average TPT Report'!F86 -> 314 | B85: ='Rolling 3 weeks'!F85 -> 313 | C85: ='Week to Week '!F87 -> 313 | D85: ='Period to Period'!F87 -> 313 | E85: =IF(A85>0,(IF(_xlfn.NUMBERVALUE(A85)=_xlfn.NUMBERVALUE(B85),IF(_xlfn.NUMBERVALUE(B85)=_xlfn.NUMBERVALUE(C85),(IF(_xlfn.NUMBERVALUE(B85)=_xlfn.NUMBERVALUE(D85),"","X")),"X"))),"blank") -> FALSE
A86: ='Average TPT Report'!F87 -> 315 | B86: ='Rolling 3 weeks'!F86 -> 314 | C86: ='Week to Week '!F88 -> 314 | D86: ='Period to Period'!F88 -> 314 | E86: =IF(A86>0,(IF(_xlfn.NUMBERVALUE(A86)=_xlfn.NUMBERVALUE(B86),IF(_xlfn.NUMBERVALUE(B86)=_xlfn.NUMBERVALUE(C86),(IF(_xlfn.NUMBERVALUE(B86)=_xlfn.NUMBERVALUE(D86),"","X")),"X"))),"blank") -> FALSE
... A262: ='Average TPT Report'!F263 -> 586 | B262: ='Rolling 3 weeks'!F262 -> 585 | C262: ='Week to Week '!F264 -> 585 | D262: ='Period to Period'!F264 -> 585 | E262: =IF(A262>0,(IF(_xlfn.NUMBERVALUE(A262)=_xlfn.NUMBERVALUE(B262),IF(_xlfn.NUMBERVALUE(B262)=_xlfn.NUMBERVALUE(C262),(IF(_xlfn.NUMBERVALUE(B262)=_xlfn.NUMBERVALUE(D262),"","X")),"X"))),"blank") -> FALSE
A263: ='Average TPT Report'!F264 -> 587 | B263: ='Rolling 3 weeks'!F263 -> 586 | C263: ='Week to Week '!F265 -> 586 | D263: 586 | E263: =IF(A263>0,(IF(_xlfn.NUMBERVALUE(A263)=_xlfn.NUMBERVALUE(B263),IF(_xlfn.NUMBERVALUE(B263)=_xlfn.NUMBERVALUE(C263),(IF(_xlfn.NUMBERVALUE(B263)=_xlfn.NUMBERVALUE(D263),"","X")),"X"))),"blank") -> FALSE
A264: ='Average TPT Report'!F265 -> 588 | B264: ='Rolling 3 weeks'!F264 -> 587 | C264: ='Week to Week '!F266 -> 587 | D264: ='Period to Period'!F266 -> 587 | E264: =IF(A264>0,(IF(_xlfn.NUMBERVALUE(A264)=_xlfn.NUMBERVALUE(B264),IF(_xlfn.NUMBERVALUE(B264)=_xlfn.NUMBERVALUE(C264),(IF(_xlfn.NUMBERVALUE(B264)=_xlfn.NUMBERVALUE(D264),"","X")),"X"))),"blank") -> FALSE
A265: ='Average TPT Report'!F266 -> 589 | B265: ='Rolling 3 weeks'!F265 -> 588 | C265: ='Week to Week '!F267 -> 588 | D265: ='Period to Period'!F267 -> 588 | E265: =IF(A265>0,(IF(_xlfn.NUMBERVALUE(A265)=_xlfn.NUMBERVALUE(B265),IF(_xlfn.NUMBERVALUE(B265)=_xlfn.NUMBERVALUE(C265),(IF(_xlfn.NUMBERVALUE(B265)=_xlfn.NUMBERVALUE(D265),"","X")),"X"))),"blank") -> FALSE
A266: ='Average TPT Report'!F267 -> 591 | B266: ='Rolling 3 weeks'!F266 -> 589 | C266: ='Week to Week '!F268 -> 589 | D266: ='Period to Period'!F268 -> 589 | E266: =IF(A266>0,(IF(_xlfn.NUMBERVALUE(A266)=_xlfn.NUMBERVALUE(B266),IF(_xlfn.NUMBERVALUE(B266)=_xlfn.NUMBERVALUE(C266),(IF(_xlfn.NUMBERVALUE(B266)=_xlfn.NUMBERVALUE(D266),"","X")),"X"))),"blank") -> FALSE
A267: ='Average TPT Report'!F268 -> 592 | B267: ='Rolling 3 weeks'!F267 -> 591 | C267: ='Week to Week '!F269 -> 591 | D267: ='Period to Period'!F269 -> 591 | E267: =IF(A267>0,(IF(_xlfn.NUMBERVALUE(A267)=_xlfn.NUMBERVALUE(B267),IF(_xlfn.NUMBERVALUE(B267)=_xlfn.NUMBERVALUE(C267),(IF(_xlfn.NUMBERVALUE(B267)=_xlfn.NUMBERVALUE(D267),"","X")),"X"))),"blank") -> FALSE
A268: ='Average TPT Report'!F269 -> 593 | B268: ='Rolling 3 weeks'!F268 -> 592 | C268: ='Week to Week '!F270 -> 592 | D268: ='Period to Period'!F270 -> 592 | E268: =IF(A268>0,(IF(_xlfn.NUMBERVALUE(A268)=_xlfn.NUMBERVALUE(B268),IF(_xlfn.NUMBERVALUE(B268)=_xlfn.NUMBERVALUE(C268),(IF(_xlfn.NUMBERVALUE(B268)=_xlfn.NUMBERVALUE(D268),"","X")),"X"))),"blank") -> FALSE
A269: ='Average TPT Report'!F270 -> 595 | B269: ='Rolling 3 weeks'!F269 -> 593 | C269: ='Week to Week '!F271 -> 593 | D269: ='Period to Period'!F271 -> 593 | E269: =IF(A269>0,(IF(_xlfn.NUMBERVALUE(A269)=_xlfn.NUMBERVALUE(B269),IF(_xlfn.NUMBERVALUE(B269)=_xlfn.NUMBERVALUE(C269),(IF(_xlfn.NUMBERVALUE(B269)=_xlfn.NUMBERVALUE(D269),"","X")),"X"))),"blank") -> FALSE
A270: ='Average TPT Report'!F271 -> 596 | B270: ='Rolling 3 weeks'!F270 -> 595 | C270: ='Week to Week '!F272 -> 595 | D270: ='Period to Period'!F272 -> 595 | E270: =IF(A270>0,(IF(_xlfn.NUMBERVALUE(A270)=_xlfn.NUMBERVALUE(B270),IF(_xlfn.NUMBERVALUE(B270)=_xlfn.NUMBERVALUE(C270),(IF(_xlfn.NUMBERVALUE(B270)=_xlfn.NUMBERVALUE(D270),"","X")),"X"))),"blank") -> FALSE
A271: ='Average TPT Report'!F272 -> 598 | B271: ='Rolling 3 weeks'!F271 -> 596 | C271: ='Week to Week '!F273 -> 596 | D271: ='Period to Period'!F273 -> 596 | E271: =IF(A271>0,(IF(_xlfn.NUMBERVALUE(A271)=_xlfn.NUMBERVALUE(B271),IF(_xlfn.NUMBERVALUE(B271)=_xlfn.NUMBERVALUE(C271),(IF(_xlfn.NUMBERVALUE(B271)=_xlfn.NUMBERVALUE(D271),"","X")),"X"))),"blank") -> FALSE
A272: ='Average TPT Report'!F273 -> 599 | B272: ='Rolling 3 weeks'!F272 -> 598 | C272: ='Week to Week '!F274 -> 598 | D272: ='Period to Period'!F274 -> 598 | E272: =IF(A272>0,(IF(_xlfn.NUMBERVALUE(A272)=_xlfn.NUMBERVALUE(B272),IF(_xlfn.NUMBERVALUE(B272)=_xlfn.NUMBERVALUE(C272),(IF(_xlfn.NUMBERVALUE(B272)=_xlfn.NUMBERVALUE(D272),"","X")),"X"))),"blank") -> FALSE
A273: ='Average TPT Report'!F274 -> 600 | B273: ='Rolling 3 weeks'!F273 -> 599 | C273: ='Week to Week '!F275 -> 599 | D273: ='Period to Period'!F275 -> 599 | E273: =IF(A273>0,(IF(_xlfn.NUMBERVALUE(A273)=_xlfn.NUMBERVALUE(B273),IF(_xlfn.NUMBERVALUE(B273)=_xlfn.NUMBERVALUE(C273),(IF(_xlfn.NUMBERVALUE(B273)=_xlfn.NUMBERVALUE(D273),"","X")),"X"))),"blank") -> FALSE
A274: ='Average TPT Report'!F275 -> 601 | B274: ='Rolling 3 weeks'!F274 -> 600 | C274: ='Week to Week '!F276 -> 600 | D274: ='Period to Period'!F276 -> 600 | E274: =IF(A274>0,(IF(_xlfn.NUMBERVALUE(A274)=_xlfn.NUMBERVALUE(B274),IF(_xlfn.NUMBERVALUE(B274)=_xlfn.NUMBERVALUE(C274),(IF(_xlfn.NUMBERVALUE(B274)=_xlfn.NUMBERVALUE(D274),"","X")),"X"))),"blank") -> FALSE
A275: ='Average TPT Report'!F276 -> 602 | B275: ='Rolling 3 weeks'!F275 -> 601 | C275: ='Week to Week '!F277 -> 601 | D275: ='Period to Period'!F277 -> 601 | E275: =IF(A275>0,(IF(_xlfn.NUMBERVALUE(A275)=_xlfn.NUMBERVALUE(B275),IF(_xlfn.NUMBERVALUE(B275)=_xlfn.NUMBERVALUE(C275),(IF(_xlfn.NUMBERVALUE(B275)=_xlfn.NUMBERVALUE(D275),"","X")),"X"))),"blank") -> FALSE
... A468: ='Average TPT Report'!F469 -> 0 | B468: ='Rolling 3 weeks'!F468 -> 0 | C468: ='Week to Week '!F470 -> 0 | D468: ='Period to Period'!F470 -> 0 | E468: =IF(A468>0,(IF(_xlfn.NUMBERVALUE(A468)=_xlfn.NUMBERVALUE(B468),IF(_xlfn.NUMBERVALUE(B468)=_xlfn.NUMBERVALUE(C468),(IF(_xlfn.NUMBERVALUE(B468)=_xlfn.NUMBERVALUE(D468),"","X")),"X"))),"blank") -> blank
